"","authorDisplayName","authorProfileImageUrl","authorChannelUrl","authorChannelId.value","videoId","textDisplay","textOriginal","canRate","viewerRating","likeCount","publishedAt","updatedAt","episode"
"1","Sunyi Coffee","https://yt3.ggpht.com/a/AGF-l79Wg6bFQWROoyDBRBEIgCTCFYqW_9SGUd140g=s48-c-k-c0xffffffff-no-rj-mo","http://www.youtube.com/channel/UCkqV2x7C5G4-ekywNwwtS_Q","UCkqV2x7C5G4-ekywNwwtS_Q","7_0V14TYVzc","Mini Series hasil kolaborasi dengan TropicanaSlim, dengan aktor asli tuli dan kerjasama komunitas seni fantasi tuli. Sunyi hadir sebagai tempat pertemuan 2 dunia yg sebelumnya tidak terbayang dapat bertemu. <br /><br />Sunyi ingin terus berkembang untuk dapat memperkenalkan dunia disabilitas sebagai dunia yg mengagumkan dan penuh kejutan. Oleh karena itu, setiap like pada video <a href=""http://www.youtube.com/results?search_query=%23CeritaSunyi"">#CeritaSunyi</a> di YouTube akan dikonversikan menjadi Rp 500 untuk pengembangan Sunyi House of Coffee and Hope dalam membantu memperluas kesempatan teman - teman disabilitas untuk berkreasi dan berekspresi melalui kopi.<br /><br />Ayo kita menjadi duta dunia yg menakjubkan ini dengan like dan share kepada rekan - rekan kalian semua karena setiap dukungan pasti sangat berarti<br /><br />@tropicanaslim <br /><a href=""http://www.youtube.com/results?search_query=%23CeritaSunyi"">#CeritaSunyi</a> <a href=""http://www.youtube.com/results?search_query=%23SahabatSunyi"">#SahabatSunyi</a>","Mini Series hasil kolaborasi dengan TropicanaSlim, dengan aktor asli tuli dan kerjasama komunitas seni fantasi tuli. Sunyi hadir sebagai tempat pertemuan 2 dunia yg sebelumnya tidak terbayang dapat bertemu. 

Sunyi ingin terus berkembang untuk dapat memperkenalkan dunia disabilitas sebagai dunia yg mengagumkan dan penuh kejutan. Oleh karena itu, setiap like pada video #CeritaSunyi di YouTube akan dikonversikan menjadi Rp 500 untuk pengembangan Sunyi House of Coffee and Hope dalam membantu memperluas kesempatan teman - teman disabilitas untuk berkreasi dan berekspresi melalui kopi.

Ayo kita menjadi duta dunia yg menakjubkan ini dengan like dan share kepada rekan - rekan kalian semua karena setiap dukungan pasti sangat berarti

@tropicanaslim 
#CeritaSunyi #SahabatSunyi","TRUE","none","16","2019-11-09T07:59:43.000Z","2019-11-09T07:59:43.000Z",1
"2","Ariva Azka","https://yt3.ggpht.com/a/AGF-l78YLJk1eeS3fbmd4BF6HHRGEM7zua-2C0x8Ew=s48-c-k-c0xffffffff-no-rj-mo","http://www.youtube.com/channel/UCYukaD4hOQv946Ty4rIKJtw","UCYukaD4hOQv946Ty4rIKJtw","7_0V14TYVzc","Aku mau nonton nya nanti aja satu tahun kemudian, biar kaya SORE dan JANJI wkwkk<br />Btw keren bgttttt web series tropocanaaa, sukses terus dlm berkarya","Aku mau nonton nya nanti aja satu tahun kemudian, biar kaya SORE dan JANJI wkwkk
Btw keren bgttttt web series tropocanaaa, sukses terus dlm berkarya","TRUE","none","0","2019-11-14T15:33:36.000Z","2019-11-14T15:33:36.000Z",1
"3","Irfan Parikesit","https://yt3.ggpht.com/a/AGF-l7-ZScpC4rsj27sFa625Vr5xVouf9ShoNdhUYA=s48-c-k-c0xffffffff-no-rj-mo","http://www.youtube.com/channel/UCj5MdRLgrW_0DollKMLzCSg","UCj5MdRLgrW_0DollKMLzCSg","7_0V14TYVzc","oke mevvek tiba tiba pas paham","oke mevvek tiba tiba pas paham","TRUE","none","0","2019-11-10T14:32:47.000Z","2019-11-10T14:32:47.000Z",1
"4","Marcella Soenggono","https://yt3.ggpht.com/a/AGF-l79AW5Bdxz92Vc8G9nn37RPg56gdCe-OCzwPYQ=s48-c-k-c0xffffffff-no-rj-mo","http://www.youtube.com/channel/UC1pH7RkAaUW1gU9a7r55MOw","UC1pH7RkAaUW1gU9a7r55MOw","7_0V14TYVzc","Brilliant idea... salut bgt tropicana","Brilliant idea... salut bgt tropicana","TRUE","none","0","2019-11-10T14:22:11.000Z","2019-11-10T14:22:11.000Z",1
"5","Farell S","https://yt3.ggpht.com/a/AGF-l7-PtYsMizHSHJY6Do56G16HSzc7jyvjwQ6zPw=s48-c-k-c0xffffffff-no-rj-mo","http://www.youtube.com/channel/UClB9i5-MOrr4jWP_UKWikXQ","UClB9i5-MOrr4jWP_UKWikXQ","7_0V14TYVzc","Gold!","Gold!","TRUE","none","0","2019-11-10T12:36:34.000Z","2019-11-10T12:36:34.000Z",1
"6","Sachi Paramitha","https://yt3.ggpht.com/a/AGF-l7_pa4CH_mqtrMeb4r7lCt1estiNMX3r29B7Nw=s48-c-k-c0xffffffff-no-rj-mo","http://www.youtube.com/channel/UC6brCo8TQCsfzCU4X2yGimg","UC6brCo8TQCsfzCU4X2yGimg","7_0V14TYVzc","<U+2764><U+2764>","<U+2764><U+2764>","TRUE","none","0","2019-11-10T12:31:46.000Z","2019-11-10T12:31:46.000Z",1
"7","Pradana AJI","https://yt3.ggpht.com/a/AGF-l7--NjzJjJad8ZcdoNEL5YUFL56SYl2WDGy0bA=s48-c-k-c0xffffffff-no-rj-mo","http://www.youtube.com/channel/UCBw1p6YieoVURlBDecsgDsw","UCBw1p6YieoVURlBDecsgDsw","7_0V14TYVzc","was wondering around looking for good youtubing saking gabutnya, and i end up here. Sunyi Coffee ada di fatmawati guys, seluruh baristanya adalah teman teman disabilitas. Good coffee, extremely friendly barista, dan yang terpenting, hati lu berasa lebih puas dan tenang ngopi disana dibanding dimall","was wondering around looking for good youtubing saking gabutnya, and i end up here. Sunyi Coffee ada di fatmawati guys, seluruh baristanya adalah teman teman disabilitas. Good coffee, extremely friendly barista, dan yang terpenting, hati lu berasa lebih puas dan tenang ngopi disana dibanding dimall","TRUE","none","5","2019-11-09T16:40:08.000Z","2019-11-09T16:40:08.000Z",1
"8","sherlock homeless","https://yt3.ggpht.com/a/AGF-l7_yl1DYnH5NoALRA6WGOL-bjZQiEKyCdpvAJQ=s48-c-k-c0xffffffff-no-rj-mo","http://www.youtube.com/channel/UCIa4EzC0wXWkYvgVcoMdzGg","UCIa4EzC0wXWkYvgVcoMdzGg","7_0V14TYVzc","Astaga, lagi belajar sign language, ketemu ini kayak takdir. Suka sekali!","Astaga, lagi belajar sign language, ketemu ini kayak takdir. Suka sekali!","TRUE","none","0","2019-11-09T13:53:05.000Z","2019-11-09T13:53:05.000Z",1
"9","Sachi Paramitha","https://yt3.ggpht.com/a/AGF-l7_pa4CH_mqtrMeb4r7lCt1estiNMX3r29B7Nw=s48-c-k-c0xffffffff-no-rj-mo","http://www.youtube.com/channel/UC6brCo8TQCsfzCU4X2yGimg","UC6brCo8TQCsfzCU4X2yGimg","7_0V14TYVzc",":&quot;&quot;( gile tropicana main inklusivitas skrg mantap",":""""( gile tropicana main inklusivitas skrg mantap","TRUE","none","1","2019-11-09T06:15:30.000Z","2019-11-09T06:15:30.000Z",1
"10","zigi ziall","https://yt3.ggpht.com/a/AGF-l7_fz5C_Eqwmegvpi09VMOJW6KIGbAtOPycYcw=s48-c-k-c0xffffffff-no-rj-mo","http://www.youtube.com/channel/UCVhtf9FXnRGELUQcyVlWgbg","UCVhtf9FXnRGELUQcyVlWgbg","7_0V14TYVzc","Yg ceweknya pemenang panah asmara arjuna kan yah hehe","Yg ceweknya pemenang panah asmara arjuna kan yah hehe","TRUE","none","0","2019-11-09T03:48:07.000Z","2019-11-09T03:48:07.000Z",1
"11","Mojito Boss","https://yt3.ggpht.com/a/AGF-l7_vY0ZHBeKVcVGQKM4ARUE3iqtxDSYVqWeo2g=s48-c-k-c0xffffffff-no-rj-mo","http://www.youtube.com/channel/UC2hzM1CfMrP6poUmgRbi1CA","UC2hzM1CfMrP6poUmgRbi1CA","7_0V14TYVzc","Saya baru paham di akhir.. gila.. dan katanya ini setiap likenya disumbangin, kapan lagi bs nonton video baper sekalian donasi guys","Saya baru paham di akhir.. gila.. dan katanya ini setiap likenya disumbangin, kapan lagi bs nonton video baper sekalian donasi guys","TRUE","none","1","2019-11-08T17:49:45.000Z","2019-11-08T17:49:45.000Z",1
"12","Ferlando Widjaya","https://yt3.ggpht.com/a/AGF-l7_DXO4Bdua3Ed-diAZyW6cFOH1EjlLnxOKl=s48-c-k-c0xffffffff-no-rj-mo","http://www.youtube.com/channel/UCQKlfUu8MGinF4q5VPfSAwA","UCQKlfUu8MGinF4q5VPfSAwA","7_0V14TYVzc","Another bahan baper di kantor kamvret","Another bahan baper di kantor kamvret","TRUE","none","0","2019-11-08T17:44:59.000Z","2019-11-08T17:44:59.000Z",1
"13","Nym Supriyanto","https://yt3.ggpht.com/a/AGF-l78XnfEgnIxyWthmk5-3v5QJHzUc5IGWkAx1pQ=s48-c-k-c0xffffffff-no-rj-mo","http://www.youtube.com/channel/UCySxOk59nxOea1Nbg8x7wdg","UCySxOk59nxOea1Nbg8x7wdg","7_0V14TYVzc","aktor nya tuli otomatis ini  juga buat teman2 tuli tapi sayang gk ada subtitle nya<U+0001F644><U+0001F644>","aktor nya tuli otomatis ini  juga buat teman2 tuli tapi sayang gk ada subtitle nya<U+0001F644><U+0001F644>","TRUE","none","0","2019-11-08T17:16:43.000Z","2019-11-08T17:16:43.000Z",1
"14","ayunizzahra","https://yt3.ggpht.com/a/AGF-l7-cW87UvP-Gkqvc5GANMw0xDrf6FBeM9n5Wjw=s48-c-k-c0xffffffff-no-rj-mo","http://www.youtube.com/channel/UCJkwFM6XPJ6xeDhKnp3emFg","UCJkwFM6XPJ6xeDhKnp3emFg","7_0V14TYVzc","<U+2764><U+FE0F><U+2764><U+FE0F><U+2764><U+FE0F>","<U+2764><U+FE0F><U+2764><U+FE0F><U+2764><U+FE0F>","TRUE","none","0","2019-11-08T16:19:34.000Z","2019-11-08T16:19:34.000Z",1
"15","nur widyastuti","https://yt3.ggpht.com/a/AGF-l7-XsWys9HnJ96XmRJYxegmhCNvsh3iCdfVSXQ=s48-c-k-c0xffffffff-no-rj-mo","http://www.youtube.com/channel/UCCV9rz-fBtr3xTFZ_NnNinA","UCCV9rz-fBtr3xTFZ_NnNinA","7_0V14TYVzc","Lanjut mba Iik","Lanjut mba Iik","TRUE","none","0","2019-11-08T14:22:36.000Z","2019-11-08T14:22:36.000Z",1
"16","Rully Ahmad","https://yt3.ggpht.com/a/AGF-l7_qyvRFcRv4aqqxM1xG3iFRhcoLagblPAv7kw=s48-c-k-c0xffffffff-no-rj-mo","http://www.youtube.com/channel/UCdzcM3lRYFESgrPOQ1xisIQ","UCdzcM3lRYFESgrPOQ1xisIQ","7_0V14TYVzc","Kalau boleh tau ini sutradaranya siapa ya ?","Kalau boleh tau ini sutradaranya siapa ya ?","TRUE","none","0","2019-11-08T12:28:33.000Z","2019-11-08T12:28:33.000Z",1
"17","deyo anggara","https://yt3.ggpht.com/a/AGF-l7-zn-5s9k58u3lJpKJ6bo66Aod1ya-YVi2IVA=s48-c-k-c0xffffffff-no-rj-mo","http://www.youtube.com/channel/UCycOgCfqq0mEYstoasSWdjg","UCycOgCfqq0mEYstoasSWdjg","7_0V14TYVzc","Knp ga post di IG story aja hahaa","Knp ga post di IG story aja hahaa","TRUE","none","1","2019-11-08T12:26:44.000Z","2019-11-08T12:26:44.000Z",1
"18","ummi kholsum","https://yt3.ggpht.com/a/AGF-l79eh4RO0k-vR2S2Xcbr4me2JXdGX5DT16nl5A=s48-c-k-c0xffffffff-no-rj-mo","http://www.youtube.com/channel/UCDdrZbzgcKijNc0VyCkdUfQ","UCDdrZbzgcKijNc0VyCkdUfQ","7_0V14TYVzc","Kenapa durasinya nda sepanjang SORE. seperti treaser aja padahal ini tulisan Episode 1.<br />.<br />Admin tolong tambahin durasinya~<U+0001F603>","Kenapa durasinya nda sepanjang SORE. seperti treaser aja padahal ini tulisan Episode 1.
.
Admin tolong tambahin durasinya~<U+0001F603>","TRUE","none","1","2019-11-08T12:04:02.000Z","2019-11-08T12:04:02.000Z",1
"19","Suko Adiningkaryo","https://yt3.ggpht.com/a/AGF-l7-Bdm5D0BeeDzpSWl6rOEl4I3MifxTq6m8drA=s48-c-k-c0xffffffff-no-rj-mo","http://www.youtube.com/channel/UCIGxteIFqg8XDXuk6mUMBCw","UCIGxteIFqg8XDXuk6mUMBCw","7_0V14TYVzc","Baru juga ngucek mata udah slesai aja...","Baru juga ngucek mata udah slesai aja...","TRUE","none","0","2019-11-08T10:51:20.000Z","2019-11-08T10:51:20.000Z",1
"20","Nadia Oktavia","https://yt3.ggpht.com/a/AGF-l7_t2VPlSM0yg0-O1d3yk--g0WYdVHFvL9h2EQ=s48-c-k-c0xffffffff-no-rj-mo","http://www.youtube.com/channel/UCudCxmLP5v-QSFruKQ_8y-g","UCudCxmLP5v-QSFruKQ_8y-g","7_0V14TYVzc","Kereen, singkat tapi dapet feelnya. Ditunggu episode selanjutnyaa","Kereen, singkat tapi dapet feelnya. Ditunggu episode selanjutnyaa","TRUE","none","0","2019-11-08T00:54:50.000Z","2019-11-08T00:54:50.000Z",1
"21","Rachael Abigail Saveria","https://yt3.ggpht.com/a/AGF-l7--L4vTjFTbrTfef1URDp_Cd5q5dRFlh3ZHjQ=s48-c-k-c0xffffffff-no-rj-mo","http://www.youtube.com/channel/UCqvowGswJEOXfFv3Bkt4XeA","UCqvowGswJEOXfFv3Bkt4XeA","7_0V14TYVzc","Keren banget!!! <U+0001F62D><U+2665><U+FE0F><U+0001F60D> Senang ceritanya sangat inklusif. Salut untuk aktor tuli <U+2665><U+FE0F> pasti ga mudah proses syutingnya tapi hasilnya TOP!","Keren banget!!! <U+0001F62D><U+2665><U+FE0F><U+0001F60D> Senang ceritanya sangat inklusif. Salut untuk aktor tuli <U+2665><U+FE0F> pasti ga mudah proses syutingnya tapi hasilnya TOP!","TRUE","none","4","2019-11-07T18:10:41.000Z","2019-11-07T18:10:41.000Z",1
"22","Al Hasan","https://yt3.ggpht.com/a/AGF-l7_yu3HjlIyoaSuwPw5ttPmWjz5n2V7rHu40iA=s48-c-k-c0xffffffff-no-rj-mo","http://www.youtube.com/channel/UCsg7tTb6xz0jNeH9K1o_A_Q","UCsg7tTb6xz0jNeH9K1o_A_Q","7_0V14TYVzc","Keren parahh","Keren parahh","TRUE","none","0","2019-11-07T16:42:24.000Z","2019-11-07T16:42:24.000Z",1
"23","Choi Minhold","https://yt3.ggpht.com/a/AGF-l7-60Nxi0bGUsS379pLbH8yCkszZ4LbR59O_uw=s48-c-k-c0xffffffff-no-rj-mo","http://www.youtube.com/channel/UCmWFH7doo_MpiMMjDohbWGw","UCmWFH7doo_MpiMMjDohbWGw","7_0V14TYVzc","Iyaaaa aku tunggu<U+0001F917>","Iyaaaa aku tunggu<U+0001F917>","TRUE","none","0","2019-11-07T15:55:30.000Z","2019-11-07T15:55:30.000Z",1
"24","Nova Patty","https://yt3.ggpht.com/a/AGF-l7-zjP3qjYiasrdOPUioQ_HB0HW5-xpx5msKFQ=s48-c-k-c0xffffffff-no-rj-mo","http://www.youtube.com/channel/UCTsjoQ5RvVjsMggER_dk1FA","UCTsjoQ5RvVjsMggER_dk1FA","7_0V14TYVzc","Mesti ndak pernah lama durasinya <U+0001F644><U+0001F612>","Mesti ndak pernah lama durasinya <U+0001F644><U+0001F612>","TRUE","none","0","2019-11-07T15:19:49.000Z","2019-11-07T15:19:49.000Z",1
"25","Dessy Astuti","https://yt3.ggpht.com/a/AGF-l79jH4Yt-zI2nWH2PCJZSLojaN2vb5tNaDRWRw=s48-c-k-c0xffffffff-no-rj-mo","http://www.youtube.com/channel/UCHxJRnljXl5snmnLaq4eZHw","UCHxJRnljXl5snmnLaq4eZHw","7_0V14TYVzc","Waw... Apa ini<U+0001F60D>","Waw... Apa ini<U+0001F60D>","TRUE","none","0","2019-11-07T15:19:07.000Z","2019-11-07T15:19:07.000Z",1
"26","Susi Lawati","https://yt3.ggpht.com/a/AGF-l79Vr96gtBeZ68gvkWGVmSGDzNf_R5sQ8gwQ4w=s48-c-k-c0xffffffff-no-rj-mo","http://www.youtube.com/channel/UCiq_FM2FU-l0dWUbiwBwNvA","UCiq_FM2FU-l0dWUbiwBwNvA","7_0V14TYVzc","Ada Rizky, kayaknya bikin baper nih..","Ada Rizky, kayaknya bikin baper nih..","TRUE","none","0","2019-11-07T15:00:48.000Z","2019-11-07T15:00:48.000Z",1
"27","Melati Dwita Putri","https://yt3.ggpht.com/a/AGF-l7-1ejDat9wC902EBRNWX5qPTgMTz8gW5h8Jww=s48-c-k-c0xffffffff-no-rj-mo","http://www.youtube.com/channel/UCu4e_D9CkRHiD7SaUVBLh1g","UCu4e_D9CkRHiD7SaUVBLh1g","7_0V14TYVzc","Ah kesel durasi nya<U+0001F643>","Ah kesel durasi nya<U+0001F643>","TRUE","none","0","2019-11-07T13:24:52.000Z","2019-11-07T13:24:52.000Z",1
"28","zevrymor","https://yt3.ggpht.com/a/AGF-l78LhP2n5CVWDdSfhPYHKBL0PxOqZodjoxpwyg=s48-c-k-c0xffffffff-no-rj-mo","http://www.youtube.com/channel/UCUIfT7D6Fv6QkYQKjKcMoGA","UCUIfT7D6Fv6QkYQKjKcMoGA","7_0V14TYVzc","Ealaaaahhhh bentar banget. Kuota gw masih bnyak min. Cepetan min episode ke 2 nya","Ealaaaahhhh bentar banget. Kuota gw masih bnyak min. Cepetan min episode ke 2 nya","TRUE","none","0","2019-11-07T12:59:11.000Z","2019-11-07T12:59:11.000Z",1
"29","Tio Hermawan","https://yt3.ggpht.com/a/AGF-l79RMk4hquGQH0ERTMu_kmUPJr_veSAW8EKOCA=s48-c-k-c0xffffffff-no-rj-mo","http://www.youtube.com/channel/UCOyKKcufyf7uD1Stma87miw","UCOyKKcufyf7uD1Stma87miw","7_0V14TYVzc","Wiiih... Kereen seneng liat risky melia ceritanya bagus sepertinya","Wiiih... Kereen seneng liat risky melia ceritanya bagus sepertinya","TRUE","none","0","2019-11-07T12:50:32.000Z","2019-11-07T12:50:32.000Z",1
"30","Leetha Šœhartö Põ<U+0259>triê","https://yt3.ggpht.com/a/AGF-l7_fFZOCYKvGmGTDpu87YokfoKWDIQOHjGa21g=s48-c-k-c0xffffffff-no-rj-mo","http://www.youtube.com/channel/UCdeklU-Tv4WzxDjgUfVsqjA","UCdeklU-Tv4WzxDjgUfVsqjA","7_0V14TYVzc","Satu setengah menit dan langsung bikin baper duuuuuunk <U+0001F92D>","Satu setengah menit dan langsung bikin baper duuuuuunk <U+0001F92D>","TRUE","none","1","2019-11-07T12:46:29.000Z","2019-11-07T12:46:29.000Z",1
"31","Andi Hermawan","https://yt3.ggpht.com/a/AGF-l7-wBl8WZX3MOdznUrIYdXB76L2Y8y87GjqD=s48-c-k-c0xffffffff-no-rj-mo","http://www.youtube.com/channel/UCeIh_Gs2QtOWmf84WPniPfQ","UCeIh_Gs2QtOWmf84WPniPfQ","7_0V14TYVzc","Apakah bisa bikin baper lebih dari Sore?","Apakah bisa bikin baper lebih dari Sore?","TRUE","none","2","2019-11-07T12:34:36.000Z","2019-11-07T12:34:36.000Z",1
"32","Katherin Kheren","https://yt3.ggpht.com/a/AGF-l7_DOi-FzBpr140F-xez4h_1gn9f7HttDx_ljw=s48-c-k-c0xffffffff-no-rj-mo","http://www.youtube.com/channel/UC7JZNJqloX7bzU0rW9q0tRA","UC7JZNJqloX7bzU0rW9q0tRA","7_0V14TYVzc","Satu menit aja sih videonya, tapi tlg di upload tiap hari ya min<U+0001F60C>","Satu menit aja sih videonya, tapi tlg di upload tiap hari ya min<U+0001F60C>","TRUE","none","0","2019-11-07T12:32:26.000Z","2019-11-07T12:32:26.000Z",1
"33","Murtini Hendri","https://yt3.ggpht.com/a/AGF-l7_kLbTrzGNv3orIlLK1wv_eZLLfH30i0rXD3A=s48-c-k-c0xffffffff-no-rj-mo","http://www.youtube.com/channel/UCJJxsC4VvT0d5CwuGNvKCIQ","UCJJxsC4VvT0d5CwuGNvKCIQ","7_0V14TYVzc","Keren nih iklan ada kesayanganku Rizky melia","Keren nih iklan ada kesayanganku Rizky melia","TRUE","none","0","2019-11-07T12:31:46.000Z","2019-11-07T12:31:46.000Z",1
"34","Hari Santoso","https://yt3.ggpht.com/a/AGF-l78bjwYkUwlbRBdXSVKwO2J8GByjF1Tl0G3UVw=s48-c-k-c0xffffffff-no-rj-mo","http://www.youtube.com/channel/UCJ1EaBMtb1KfdTDeGmWsiZQ","UCJ1EaBMtb1KfdTDeGmWsiZQ","7_0V14TYVzc","Amat pendek","Amat pendek","TRUE","none","0","2019-11-07T12:24:50.000Z","2019-11-07T12:24:50.000Z",1
"35","Lusi Lus","https://yt3.ggpht.com/a/AGF-l788Ai4YMVb_P1piXzEzvDtyQHvrCTmdvKlIEA=s48-c-k-c0xffffffff-no-rj-mo","http://www.youtube.com/channel/UCAlI859VteElkq0tVYSKcJw","UCAlI859VteElkq0tVYSKcJw","7_0V14TYVzc","Buffering nya 3menit,,,nontonnya sekejap mata<U+0001F61E><U+0001F61E>","Buffering nya 3menit,,,nontonnya sekejap mata<U+0001F61E><U+0001F61E>","TRUE","none","0","2019-11-07T12:21:18.000Z","2019-11-07T12:21:18.000Z",1
"36","Rita Lesta","https://yt3.ggpht.com/a/AGF-l79952GLj4XJb2PcLjdqzVP6G5uonEkICfgCCQ=s48-c-k-c0xffffffff-no-rj-mo","http://www.youtube.com/channel/UCTYNlc9NRlBwtyUIz0wyftQ","UCTYNlc9NRlBwtyUIz0wyftQ","7_0V14TYVzc","Lamain lahh durasinya Masa bentar doang,ngeremehin kuota saya banget <U+0001F602><U+0001F602>","Lamain lahh durasinya Masa bentar doang,ngeremehin kuota saya banget <U+0001F602><U+0001F602>","TRUE","none","0","2019-11-07T12:18:23.000Z","2019-11-07T12:18:23.000Z",1
"37","Hanny Salsabilla","https://yt3.ggpht.com/a/AGF-l79V9t31bjAdRSvolkz2Kr6HxPIisZuCGlQWIA=s48-c-k-c0xffffffff-no-rj-mo","http://www.youtube.com/channel/UCdcBLC1h9HkxTp5Fy_iek_w","UCdcBLC1h9HkxTp5Fy_iek_w","7_0V14TYVzc","Cara mengungkapkan bukan cuma mengucapkan <U+2661>","Cara mengungkapkan bukan cuma mengucapkan <U+2661>","TRUE","none","0","2019-11-07T12:14:17.000Z","2019-11-07T12:14:17.000Z",1
"38","stephanus axel","https://yt3.ggpht.com/a/AGF-l79UM_cBM-ZcGYrELWtnpjuOqJ23IIo5lcxTsA=s48-c-k-c0xffffffff-no-rj-mo","http://www.youtube.com/channel/UCbrKcsMvuGY4WKrpzb9kOLg","UCbrKcsMvuGY4WKrpzb9kOLg","7_0V14TYVzc","keren nih, <br /> gasabar liat episode episode berikutnya!!","keren nih, 
 gasabar liat episode episode berikutnya!!","TRUE","none","1","2019-11-07T12:13:48.000Z","2019-11-07T12:13:48.000Z",1
"39","SETYA NOVANTOL","https://yt3.ggpht.com/a/AGF-l7879ZZDNBaK1mdW8Q931mJu_dwhEWF8Wxxc6g=s48-c-k-c0xffffffff-no-rj-mo","http://www.youtube.com/channel/UCyBoceFd-VLNCPOwDcosZHg","UCyBoceFd-VLNCPOwDcosZHg","7_0V14TYVzc","EPISODE  1 INI MIRIP  WEB SERIES &quot;PADA SUATU HARI YANG BIASA&quot;  EPISODE 1 JUGA","EPISODE  1 INI MIRIP  WEB SERIES ""PADA SUATU HARI YANG BIASA""  EPISODE 1 JUGA","TRUE","none","1","2019-11-07T11:45:33.000Z","2019-11-07T11:45:33.000Z",1
"40","Rully Ananda Putri","https://yt3.ggpht.com/a/AGF-l78h8rniNj6TgvcU2rtVuMB9z_DwHcRaPUtVhA=s48-c-k-c0xffffffff-no-rj-mo","http://www.youtube.com/channel/UCHODQG1rYSOMfZooRyGNmzA","UCHODQG1rYSOMfZooRyGNmzA","7_0V14TYVzc","Yesssss tropicana slim bikin webseries lagiiiiii","Yesssss tropicana slim bikin webseries lagiiiiii","TRUE","none","0","2019-11-07T11:36:48.000Z","2019-11-07T11:36:48.000Z",1
"41","fillyxia aurora","https://yt3.ggpht.com/a/AGF-l79K5aSqiNXKb-hUJrijeJuAbpI6c8RBbsgzOQ=s48-c-k-c0xffffffff-no-rj-mo","http://www.youtube.com/channel/UCXmGmJga0ts48LwCXu-IBSQ","UCXmGmJga0ts48LwCXu-IBSQ","7_0V14TYVzc","Selalu sukaaa","Selalu sukaaa","TRUE","none","0","2019-11-07T11:22:31.000Z","2019-11-07T11:22:31.000Z",1
"42","wika say hello","https://yt3.ggpht.com/a/AGF-l7_DUgRa6wkGNIjykmdmtXC1JTviNi3kp6j1pQ=s48-c-k-c0xffffffff-no-rj-mo","http://www.youtube.com/channel/UCJAZgs30BKwZvHly5fGJIeA","UCJAZgs30BKwZvHly5fGJIeA","7_0V14TYVzc","Ini biblis pacarnya vanesha angel??","Ini biblis pacarnya vanesha angel??","TRUE","none","0","2019-11-07T11:21:36.000Z","2019-11-07T11:21:36.000Z",1
"43","Beela Shabeela","https://yt3.ggpht.com/a/AGF-l7_uh3bWaiSn6zbe5MmJUtnRjfEtPoIp9y6yoQ=s48-c-k-c0xffffffff-no-rj-mo","http://www.youtube.com/channel/UC-ebkHEDEEZclSlY_Go6F0w","UC-ebkHEDEEZclSlY_Go6F0w","7_0V14TYVzc","Tropicana Slim memang terbaik soal web series<U+0001F62D> ga sabar lanjutannya<U+0001F62D>","Tropicana Slim memang terbaik soal web series<U+0001F62D> ga sabar lanjutannya<U+0001F62D>","TRUE","none","18","2019-11-07T11:17:06.000Z","2019-11-07T11:17:06.000Z",1
"44","Muhamad Farhan","https://yt3.ggpht.com/a/AGF-l7-soU8NjBFmkZXKwhKmQE0rQh_PHIRB6nn5xw=s48-c-k-c0xffffffff-no-rj-mo","http://www.youtube.com/channel/UCnUshHUMApSPC84JO_O2C2g","UCnUshHUMApSPC84JO_O2C2g","7_0V14TYVzc","Rasa itu bahasa hati, mengungkapkannya, tak melulu mengucapkannya.","Rasa itu bahasa hati, mengungkapkannya, tak melulu mengucapkannya.","TRUE","none","8","2019-11-07T11:17:01.000Z","2019-11-07T11:17:01.000Z",1
"45","Riska Martini","https://yt3.ggpht.com/a/AGF-l78UENynOrPquhj-g1SoeCOa_nOx7VUXmZ9YvA=s48-c-k-c0xffffffff-no-rj-mo","http://www.youtube.com/channel/UCQXnINsWXF-uBA-rqoy0PFQ","UCQXnINsWXF-uBA-rqoy0PFQ","7_0V14TYVzc","Yatuhan keren bangett, ditunggu episode selanjutnyaa","Yatuhan keren bangett, ditunggu episode selanjutnyaa","TRUE","none","1","2019-11-07T11:04:33.000Z","2019-11-07T11:04:33.000Z",1
"46","nadhira tasya","https://yt3.ggpht.com/a/AGF-l79_QXSyyMx2MzZpDOOZ_9mLrPSMGFOU1tAXWw=s48-c-k-c0xffffffff-no-rj-mo","http://www.youtube.com/channel/UC2IrJwSyPa6-EBbJyReDlmg","UC2IrJwSyPa6-EBbJyReDlmg","7_0V14TYVzc","WAH MANTAPNI ADA LAGI","WAH MANTAPNI ADA LAGI","TRUE","none","0","2019-11-07T11:03:03.000Z","2019-11-07T11:03:03.000Z",1
"47","Yuliagustri anrizaymerta","https://yt3.ggpht.com/a/AGF-l7-TNw78agY2JF6EcE_-fF34_l2MGjtC7hYB=s48-c-k-c0xffffffff-no-rj-mo","http://www.youtube.com/channel/UCyFPtbOiVdEqVDEu--WR59A","UCyFPtbOiVdEqVDEu--WR59A","7_0V14TYVzc","Teman tuli :)","Teman tuli :)","TRUE","none","2","2019-11-07T11:02:08.000Z","2019-11-07T11:02:08.000Z",1
"48","surilestari","https://yt3.ggpht.com/a/AGF-l78X8q3rrl8t6u1Ntf4Saj21r18ehikGuaIbSQ=s48-c-k-c0xffffffff-no-rj-mo","http://www.youtube.com/channel/UChMXFQ574htlg-h90KFnz6g","UChMXFQ574htlg-h90KFnz6g","7_0V14TYVzc","Arghhhh..jgn siksa kami dgn durasi pendek gini lagi pleaseeeeee <U+0001F62D> <br /><br />*penantian episode selanjutnya dimulai!!","Arghhhh..jgn siksa kami dgn durasi pendek gini lagi pleaseeeeee <U+0001F62D> 

*penantian episode selanjutnya dimulai!!","TRUE","none","4","2019-11-07T10:57:56.000Z","2019-11-07T10:57:56.000Z",1
"49","ERVAN FURIYANTO","https://yt3.ggpht.com/a/AGF-l79KLrpdpXvS4WQE5A826TCAV35v7C4mPoJMXQ=s48-c-k-c0xffffffff-no-rj-mo","http://www.youtube.com/channel/UCJRhNWuR2mOuPugsOGUKAPg","UCJRhNWuR2mOuPugsOGUKAPg","7_0V14TYVzc","Addict","Addict","TRUE","none","0","2019-11-07T10:55:30.000Z","2019-11-07T10:55:30.000Z",1
"50","Kuncoro Ali","https://yt3.ggpht.com/a/AGF-l7_Gu99Qc4yys8lxebsjTAx5-CsDZCDNejt2HQ=s48-c-k-c0xffffffff-no-rj-mo","http://www.youtube.com/channel/UCzxim-KQ2PPlIE1Khcf8EZA","UCzxim-KQ2PPlIE1Khcf8EZA","7_0V14TYVzc","Perlahan, tapi nagih ni","Perlahan, tapi nagih ni","TRUE","none","1","2019-11-07T10:54:00.000Z","2019-11-07T10:54:00.000Z",1
"51","sang perindu","https://yt3.ggpht.com/a/AGF-l7_ySU-igpJR3dzJExudPksDsy6fukXt-AdvTg=s48-c-k-c0xffffffff-no-rj-mo","http://www.youtube.com/channel/UCmoMoEiMxELHrXeKPdSPqLg","UCmoMoEiMxELHrXeKPdSPqLg","7_0V14TYVzc","Bentar banget, kyak liat story WA <U+0001F62D><br /><br />Tpi ngena sihh pesannya","Bentar banget, kyak liat story WA <U+0001F62D>

Tpi ngena sihh pesannya","TRUE","none","7","2019-11-07T10:52:56.000Z","2019-11-07T10:52:56.000Z",1
"52","A Gonang","https://yt3.ggpht.com/a/AGF-l78gRPYSwSt8JTW0-Jwf2WsLSd0cBMg-xaVTxw=s48-c-k-c0xffffffff-no-rj-mo","http://www.youtube.com/channel/UCoj22zQcSD9HZ5IrsWCn1nQ","UCoj22zQcSD9HZ5IrsWCn1nQ","7_0V14TYVzc","Singkat tapi ngena","Singkat tapi ngena","TRUE","none","0","2019-11-07T10:50:13.000Z","2019-11-07T10:50:13.000Z",1
"53","Alvian Ramadana","https://yt3.ggpht.com/a/AGF-l7_grkXMgSTBrVIenW-kWPBtLQzJbLYSIA9Ihg=s48-c-k-c0xffffffff-no-rj-mo","http://www.youtube.com/channel/UCnqt4bm1M0phy1CIoILBiGA","UCnqt4bm1M0phy1CIoILBiGA","7_0V14TYVzc","Bukan produksi cerita film ya","Bukan produksi cerita film ya","TRUE","none","0","2019-11-07T10:49:04.000Z","2019-11-07T10:49:04.000Z",1
"54","Dadang Hermawan","https://yt3.ggpht.com/a/AGF-l7-FWkW1dkWKEiPDxmCe_1xRUY29pscdDCqw=s48-c-k-c0xffffffff-no-rj-mo","http://www.youtube.com/channel/UC3a6dQfceHuCRu5SsrskMDA","UC3a6dQfceHuCRu5SsrskMDA","7_0V14TYVzc","No 2 comment <U+0001F602>","No 2 comment <U+0001F602>","TRUE","none","1","2019-11-07T10:47:35.000Z","2019-11-07T10:47:35.000Z",1
"55","Elda Farah","https://yt3.ggpht.com/a/AGF-l7-zdcSr-5OZuFm16MAkP8LWY9r688VIRKJauA=s48-c-k-c0xffffffff-no-rj-mo","http://www.youtube.com/channel/UCm6I192G3o7Wa0NVzDh-CQg","UCm6I192G3o7Wa0NVzDh-CQg","7_0V14TYVzc","Liat notif web seriesnya mulai, auto klik!  Selalu suka sm webseries dari tropicana slim <U+2665><U+FE0F>","Liat notif web seriesnya mulai, auto klik!  Selalu suka sm webseries dari tropicana slim <U+2665><U+FE0F>","TRUE","none","1","2019-11-07T10:47:11.000Z","2019-11-07T10:47:11.000Z",1
"56","raph","https://yt3.ggpht.com/a/AGF-l7-11QLR0b95vDPzcAv0eZgOD5xijjnGa_yHpg=s48-c-k-c0xffffffff-no-rj-mo","http://www.youtube.com/channel/UCVZ7kPA4fQ3vsk-0NeuBZTQ","UCVZ7kPA4fQ3vsk-0NeuBZTQ","7_0V14TYVzc","nani","nani","TRUE","none","0","2019-11-07T10:46:46.000Z","2019-11-07T10:46:46.000Z",1
"57","Pelerion Jaya","https://yt3.ggpht.com/a/AGF-l79FtMWqCTb0gDA_ZbBTBAmhMCx9wjcAGLiFuw=s48-c-k-c0xffffffff-no-rj-mo","http://www.youtube.com/channel/UCtKny-jTagj3XDtzaYs9xoA","UCtKny-jTagj3XDtzaYs9xoA","7_0V14TYVzc","sebagus sore kah?","sebagus sore kah?","TRUE","none","0","2019-11-07T10:46:32.000Z","2019-11-07T10:46:32.000Z",1
"58","Sunyi Coffee","https://yt3.ggpht.com/a/AGF-l79Wg6bFQWROoyDBRBEIgCTCFYqW_9SGUd140g=s48-c-k-c0xffffffff-no-rj-mo","http://www.youtube.com/channel/UCkqV2x7C5G4-ekywNwwtS_Q","UCkqV2x7C5G4-ekywNwwtS_Q","-pOkyNvWwsk","Mini Series hasil kolaborasi dengan TropicanaSlim, dengan aktor asli tuli dan kerjasama komunitas seni fantasi tuli. Sunyi hadir sebagai tempat pertemuan 2 dunia yg sebelumnya tidak terbayang dapat bertemu. <br /><br />Sunyi ingin terus berkembang untuk dapat memperkenalkan dunia disabilitas sebagai dunia yg mengagumkan dan penuh kejutan. Oleh karena itu, setiap like pada video <a href=""http://www.youtube.com/results?search_query=%23CeritaSunyi"">#CeritaSunyi</a> di YouTube akan dikonversikan menjadi Rp 500 untuk pengembangan Sunyi House of Coffee and Hope dalam membantu memperluas kesempatan teman - teman disabilitas untuk berkreasi dan berekspresi melalui kopi.<br /><br />Ayo kita menjadi duta dunia yg menakjubkan ini dengan like dan share kepada rekan - rekan kalian semua karena setiap dukungan pasti sangat berarti<br /><br />@tropicanaslim <br /><a href=""http://www.youtube.com/results?search_query=%23CeritaSunyi"">#CeritaSunyi</a> <a href=""http://www.youtube.com/results?search_query=%23SahabatSunyi"">#SahabatSunyi</a>","Mini Series hasil kolaborasi dengan TropicanaSlim, dengan aktor asli tuli dan kerjasama komunitas seni fantasi tuli. Sunyi hadir sebagai tempat pertemuan 2 dunia yg sebelumnya tidak terbayang dapat bertemu. 

Sunyi ingin terus berkembang untuk dapat memperkenalkan dunia disabilitas sebagai dunia yg mengagumkan dan penuh kejutan. Oleh karena itu, setiap like pada video #CeritaSunyi di YouTube akan dikonversikan menjadi Rp 500 untuk pengembangan Sunyi House of Coffee and Hope dalam membantu memperluas kesempatan teman - teman disabilitas untuk berkreasi dan berekspresi melalui kopi.

Ayo kita menjadi duta dunia yg menakjubkan ini dengan like dan share kepada rekan - rekan kalian semua karena setiap dukungan pasti sangat berarti

@tropicanaslim 
#CeritaSunyi #SahabatSunyi","TRUE","none","10","2019-11-09T07:59:03.000Z","2019-11-09T07:59:03.000Z",2
"59","Putri Ariyani","https://yt3.ggpht.com/a/AGF-l7_N_65Gzoa7ZQVLi6Thz36ft_dftoBVUK6eLA=s48-c-k-c0xffffffff-no-rj-mo","http://www.youtube.com/channel/UCfvkEzegc0qk3Hv0v3ePRzA","UCfvkEzegc0qk3Hv0v3ePRzA","-pOkyNvWwsk","Kelanjutannnya manaaaaa","Kelanjutannnya manaaaaa","TRUE","none","0","2019-11-29T08:33:47.000Z","2019-11-29T08:33:47.000Z",2
"60","Emil Dadak","https://yt3.ggpht.com/a/AGF-l79hQgCp9QDiAQJywCxsaHZVjkr-zaz_6YUxjQ=s48-c-k-c0xffffffff-no-rj-mo","http://www.youtube.com/channel/UCHD_a_pKm6DGoF8WNLt0_Sg","UCHD_a_pKm6DGoF8WNLt0_Sg","-pOkyNvWwsk","Nice","Nice","TRUE","none","0","2019-11-14T06:19:35.000Z","2019-11-14T06:19:35.000Z",2
"61","Michelle Naomi","https://yt3.ggpht.com/a/AGF-l79Zw56707ibT1HHIBnW2YydEaIrRSmINsvQwQ=s48-c-k-c0xffffffff-no-rj-mo","http://www.youtube.com/channel/UCXYeK8UYC2wBE8qDeELQqjA","UCXYeK8UYC2wBE8qDeELQqjA","-pOkyNvWwsk","kenapa sih durasinya:(","kenapa sih durasinya:(","TRUE","none","0","2019-11-10T15:28:22.000Z","2019-11-10T15:28:22.000Z",2
"62","Bernard Sibarani","https://yt3.ggpht.com/a/AGF-l793Ud_9dRi6okn5_NpbeBr5KGWB4AP1x9I_PQ=s48-c-k-c0xffffffff-no-rj-mo","http://www.youtube.com/channel/UCUZRDeZ0uOsQsjHsk5T6E2Q","UCUZRDeZ0uOsQsjHsk5T6E2Q","-pOkyNvWwsk","Nice jadi pgn belajar isyarat","Nice jadi pgn belajar isyarat","TRUE","none","0","2019-11-10T14:05:36.000Z","2019-11-10T14:05:36.000Z",2
"63","YOU OK","https://yt3.ggpht.com/a/AGF-l78aeUCJjkRZphQ3gVM-2HiI4SDISfbqSLFsUg=s48-c-k-c0xffffffff-no-rj-mo","http://www.youtube.com/channel/UC6_XhPaUcGsxyh9ooPDVBmw","UC6_XhPaUcGsxyh9ooPDVBmw","-pOkyNvWwsk","Mohon di lihat baik&quot; kalo mau shert atau down load nih vidio jangan sampe kena tombol dist like","Mohon di lihat baik"" kalo mau shert atau down load nih vidio jangan sampe kena tombol dist like","TRUE","none","0","2019-11-10T01:25:01.000Z","2019-11-10T01:25:01.000Z",2
"64","Bianca Munaf","https://yt3.ggpht.com/a/AGF-l79t5-wFi6k1npRvieV-zPgH4jm9ZovfZDhrcg=s48-c-k-c0xffffffff-no-rj-mo","http://www.youtube.com/channel/UC3PIA886VfcBgXnMWdgT6yw","UC3PIA886VfcBgXnMWdgT6yw","-pOkyNvWwsk","Dear tropicana, yang begini begini yang perlu disebarin ke banyak generasi. Plis dipromote lebih kuat lagi. And kudos to sunyi!<br /><br />- ttd.<br />dari org yang belum berhenti menangis","Dear tropicana, yang begini begini yang perlu disebarin ke banyak generasi. Plis dipromote lebih kuat lagi. And kudos to sunyi!

- ttd.
dari org yang belum berhenti menangis","TRUE","none","0","2019-11-09T03:40:24.000Z","2019-11-09T03:40:24.000Z",2
"65","Geraldi Giovanda","https://yt3.ggpht.com/a/AGF-l79lZvKebajHBBxX_vn3FsJXORz5QgEGCUG47w=s48-c-k-c0xffffffff-no-rj-mo","http://www.youtube.com/channel/UCwMIsQO0YnzXpNW-CwMEEwg","UCwMIsQO0YnzXpNW-CwMEEwg","-pOkyNvWwsk","Dear netizen, pls bantu share yang begini begini","Dear netizen, pls bantu share yang begini begini","TRUE","none","0","2019-11-08T17:56:32.000Z","2019-11-08T17:56:32.000Z",2
"66","Ferlando Widjaya","https://yt3.ggpht.com/a/AGF-l7_DXO4Bdua3Ed-diAZyW6cFOH1EjlLnxOKl=s48-c-k-c0xffffffff-no-rj-mo","http://www.youtube.com/channel/UCQKlfUu8MGinF4q5VPfSAwA","UCQKlfUu8MGinF4q5VPfSAwA","-pOkyNvWwsk","Merinding gua. Good job tropicana","Merinding gua. Good job tropicana","TRUE","none","0","2019-11-08T17:42:43.000Z","2019-11-08T17:42:43.000Z",2
"67","Alvinia Fadhillah","https://yt3.ggpht.com/a/AGF-l78egC9oE5JD7Q5JeQ1bwF3IYpzejhIfwSC77w=s48-c-k-c0xffffffff-no-rj-mo","http://www.youtube.com/channel/UC_3Ops2EQFq1-z4zZCY4_kg","UC_3Ops2EQFq1-z4zZCY4_kg","-pOkyNvWwsk","Tropicana ada ngeluarin web series lagi aja udh seneng bgtt kok gapapa mau berapa menit aja hehehe","Tropicana ada ngeluarin web series lagi aja udh seneng bgtt kok gapapa mau berapa menit aja hehehe","TRUE","none","0","2019-11-08T14:52:23.000Z","2019-11-08T14:52:23.000Z",2
"68","nur widyastuti","https://yt3.ggpht.com/a/AGF-l7-XsWys9HnJ96XmRJYxegmhCNvsh3iCdfVSXQ=s48-c-k-c0xffffffff-no-rj-mo","http://www.youtube.com/channel/UCCV9rz-fBtr3xTFZ_NnNinA","UCCV9rz-fBtr3xTFZ_NnNinA","-pOkyNvWwsk","Keren mba Iik","Keren mba Iik","TRUE","none","0","2019-11-08T14:22:08.000Z","2019-11-08T14:22:08.000Z",2
"69","Nadira D. Sitepu","https://yt3.ggpht.com/a/AGF-l7_jontZkCAQASMqHmFqRHFN8SmQb4_wPDEt3g=s48-c-k-c0xffffffff-no-rj-mo","http://www.youtube.com/channel/UCP_59VR-5ECpr1sAuGXtZNA","UCP_59VR-5ECpr1sAuGXtZNA","-pOkyNvWwsk","GEMES BANGET SAMA DURASINYA YAALLAH<U+0001F62D><U+0001F62D><U+0001F62D>","GEMES BANGET SAMA DURASINYA YAALLAH<U+0001F62D><U+0001F62D><U+0001F62D>","TRUE","none","4","2019-11-08T11:41:35.000Z","2019-11-08T11:41:35.000Z",2
"70","Rahmatika Hilwania","https://yt3.ggpht.com/a/AGF-l78rqmn2MIxmnt9MutG1Xrj1ygIrb4RjbvE0IA=s48-c-k-c0xffffffff-no-rj-mo","http://www.youtube.com/channel/UCDeMJONsLVi9O_kYdK9Gg4w","UCDeMJONsLVi9O_kYdK9Gg4w","-pOkyNvWwsk","Please di perbanyak menitnyaa","Please di perbanyak menitnyaa","TRUE","none","0","2019-11-08T11:05:47.000Z","2019-11-08T11:05:47.000Z",2
"71","danirust","https://yt3.ggpht.com/a/AGF-l78utkGGN1iz9EZ9FFoVyZk_2VbD7IZp4QMAuA=s48-c-k-c0xffffffff-no-rj-mo","http://www.youtube.com/channel/UCa7ZMAbWVzeXfS1-9HZJnsA","UCa7ZMAbWVzeXfS1-9HZJnsA","-pOkyNvWwsk","Kayanya post tiap hari ni, klau durasinya cuma 1menitan","Kayanya post tiap hari ni, klau durasinya cuma 1menitan","TRUE","none","0","2019-11-08T09:36:51.000Z","2019-11-08T09:36:51.000Z",2
"72","Anisa K. Putri","https://yt3.ggpht.com/a/AGF-l7_eOWp5qBFRDPGIE5OG-1w_ne3ScZkHuO_mfA=s48-c-k-c0xffffffff-no-rj-mo","http://www.youtube.com/channel/UCnmGa_PvQB3-SNdLCMy84dQ","UCnmGa_PvQB3-SNdLCMy84dQ","-pOkyNvWwsk","Ini lucu banget si konsepnya satu menit:)","Ini lucu banget si konsepnya satu menit:)","TRUE","none","0","2019-11-08T09:19:58.000Z","2019-11-08T09:19:58.000Z",2
"73","Dedy Joon","https://yt3.ggpht.com/a/AGF-l7-1rHfYLJxvyyEqOdqPhrjcGR8YKr7TRzfpTQ=s48-c-k-c0xffffffff-no-rj-mo","http://www.youtube.com/channel/UCkSIwPKeACA0DfKjQ5cZtvw","UCkSIwPKeACA0DfKjQ5cZtvw","-pOkyNvWwsk","1 menit, 1 like, bentuk donasi untuk persembahan yg luar biasa. Terimakasih Tropicana Slim..","1 menit, 1 like, bentuk donasi untuk persembahan yg luar biasa. Terimakasih Tropicana Slim..","TRUE","none","1","2019-11-08T08:07:13.000Z","2019-11-08T08:07:13.000Z",2
"74","Caya Karlita","https://yt3.ggpht.com/a/AGF-l7-A6f2QSxDR1KfDwtZla6QzoxBf5tx9Q2PPVA=s48-c-k-c0xffffffff-no-rj-mo","http://www.youtube.com/channel/UCvIjMmhRboTp_NKFe3UVgqw","UCvIjMmhRboTp_NKFe3UVgqw","-pOkyNvWwsk","yaallaah semenit doaanggg<U+0001F62B><U+0001F62B>","yaallaah semenit doaanggg<U+0001F62B><U+0001F62B>","TRUE","none","0","2019-11-08T07:32:58.000Z","2019-11-08T07:32:58.000Z",2
"75","Murtini Hendri","https://yt3.ggpht.com/a/AGF-l7_kLbTrzGNv3orIlLK1wv_eZLLfH30i0rXD3A=s48-c-k-c0xffffffff-no-rj-mo","http://www.youtube.com/channel/UCJJxsC4VvT0d5CwuGNvKCIQ","UCJJxsC4VvT0d5CwuGNvKCIQ","-pOkyNvWwsk","Keren bgt tp durasinya kok dikit bgt ya.... Salut buat Rizky Melia yg belajar bhs isyarat <U+0001F44D><U+0001F60D>","Keren bgt tp durasinya kok dikit bgt ya.... Salut buat Rizky Melia yg belajar bhs isyarat <U+0001F44D><U+0001F60D>","TRUE","none","0","2019-11-08T07:14:33.000Z","2019-11-08T07:14:33.000Z",2
"76","Syalala Dubidu","https://yt3.ggpht.com/a/AGF-l7_W6RP8XBMbMPLcOBZlRglVs4Gw1T4xP0MeDw=s48-c-k-c0xffffffff-no-rj-mo","http://www.youtube.com/channel/UCyffVjtzB0hFWhvR5CIUhCw","UCyffVjtzB0hFWhvR5CIUhCw","-pOkyNvWwsk","alasan durasi pendek?<br />*coba baca deskripsi deh","alasan durasi pendek?
*coba baca deskripsi deh","TRUE","none","1","2019-11-08T06:36:48.000Z","2019-11-08T06:36:48.000Z",2
"77","Tio Hermawan","https://yt3.ggpht.com/a/AGF-l79RMk4hquGQH0ERTMu_kmUPJr_veSAW8EKOCA=s48-c-k-c0xffffffff-no-rj-mo","http://www.youtube.com/channel/UCOyKKcufyf7uD1Stma87miw","UCOyKKcufyf7uD1Stma87miw","-pOkyNvWwsk","Bikin baper<U+0001F625>","Bikin baper<U+0001F625>","TRUE","none","0","2019-11-08T06:09:14.000Z","2019-11-08T06:09:14.000Z",2
"78","Dhani Irfan","https://yt3.ggpht.com/a/AGF-l7-xQ7LS9E4poSF1OS1TW8VH2YzWrinUQyDLWA=s48-c-k-c0xffffffff-no-rj-mo","http://www.youtube.com/channel/UC3Ub8yrXtbgC4LcKgLwwTWg","UC3Ub8yrXtbgC4LcKgLwwTWg","-pOkyNvWwsk","Cepet amat, kyk ejakulasi dini","Cepet amat, kyk ejakulasi dini","TRUE","none","1","2019-11-08T06:06:02.000Z","2019-11-08T06:06:02.000Z",2
"79","Hazazi Ridho","https://yt3.ggpht.com/a/AGF-l7-bScbNhXhhsCpTCf0IHTYZaN8C0qZ1MjBH-g=s48-c-k-c0xffffffff-no-rj-mo","http://www.youtube.com/channel/UCjgwUcZQqyYhP7IKRSG-ACA","UCjgwUcZQqyYhP7IKRSG-ACA","-pOkyNvWwsk","YA ALLAHH KAYAK LIHAT STORY INSTAGRAM BENTARRR BANGETTTT","YA ALLAHH KAYAK LIHAT STORY INSTAGRAM BENTARRR BANGETTTT","TRUE","none","0","2019-11-08T05:49:15.000Z","2019-11-08T05:49:15.000Z",2
"80","ERVAN FURIYANTO","https://yt3.ggpht.com/a/AGF-l79KLrpdpXvS4WQE5A826TCAV35v7C4mPoJMXQ=s48-c-k-c0xffffffff-no-rj-mo","http://www.youtube.com/channel/UCJRhNWuR2mOuPugsOGUKAPg","UCJRhNWuR2mOuPugsOGUKAPg","-pOkyNvWwsk","<U+0001F605><U+0001F605><U+0001F605><U+0001F62D> belum sempat kedip","<U+0001F605><U+0001F605><U+0001F605><U+0001F62D> belum sempat kedip","TRUE","none","0","2019-11-08T05:49:01.000Z","2019-11-08T05:49:01.000Z",2
"81","Susi Lawati","https://yt3.ggpht.com/a/AGF-l79Vr96gtBeZ68gvkWGVmSGDzNf_R5sQ8gwQ4w=s48-c-k-c0xffffffff-no-rj-mo","http://www.youtube.com/channel/UCiq_FM2FU-l0dWUbiwBwNvA","UCiq_FM2FU-l0dWUbiwBwNvA","-pOkyNvWwsk","Keren.. salut buat Rizky yg belajar keras utk bisa bahasa isyarat dan hasilnya keren gini.","Keren.. salut buat Rizky yg belajar keras utk bisa bahasa isyarat dan hasilnya keren gini.","TRUE","none","1","2019-11-08T05:34:32.000Z","2019-11-08T05:34:32.000Z",2
"82","FIKY ARDIANS","https://yt3.ggpht.com/a/AGF-l7__s5GiqiCL9sjUvxOtMw8TGQHUTextGkEwwg=s48-c-k-c0xffffffff-no-rj-mo","http://www.youtube.com/channel/UC9R6pa2yr0vYdAYd7W476dg","UC9R6pa2yr0vYdAYd7W476dg","-pOkyNvWwsk","DURASINYA GEMESH","DURASINYA GEMESH","TRUE","none","0","2019-11-08T05:33:13.000Z","2019-11-08T05:33:13.000Z",2
"83","zevrymor","https://yt3.ggpht.com/a/AGF-l78LhP2n5CVWDdSfhPYHKBL0PxOqZodjoxpwyg=s48-c-k-c0xffffffff-no-rj-mo","http://www.youtube.com/channel/UCUIfT7D6Fv6QkYQKjKcMoGA","UCUIfT7D6Fv6QkYQKjKcMoGA","-pOkyNvWwsk","GEMES BGT LAH SAMA DURASINYAAAAAAAAAAAAAAAA","GEMES BGT LAH SAMA DURASINYAAAAAAAAAAAAAAAA","TRUE","none","0","2019-11-08T05:29:36.000Z","2019-11-08T05:29:36.000Z",2
"84","killcat sweet","https://yt3.ggpht.com/a/AGF-l78O2CM4xxZCgNOoAQv1zt5acebJfac5cF_Q0g=s48-c-k-c0xffffffff-no-rj-mo","http://www.youtube.com/channel/UCpOX6qJJ0qCuk4GGXBfYc7Q","UCpOX6qJJ0qCuk4GGXBfYc7Q","-pOkyNvWwsk","The Best <U+0001F44D>","The Best <U+0001F44D>","TRUE","none","1","2019-11-08T05:28:38.000Z","2019-11-08T05:28:38.000Z",2
"85","SETYA NOVANTOL","https://yt3.ggpht.com/a/AGF-l7879ZZDNBaK1mdW8Q931mJu_dwhEWF8Wxxc6g=s48-c-k-c0xffffffff-no-rj-mo","http://www.youtube.com/channel/UCyBoceFd-VLNCPOwDcosZHg","UCyBoceFd-VLNCPOwDcosZHg","-pOkyNvWwsk","PENGEN TAU ALASAN TROPICANA SLIM BUAT PER EPS 1 MENIT GITU.<br /><br />KENAPAAAAA!!!?  <br /><br />MOHON ALASANNYA <br /><br />PAPA INGIN TAU.","PENGEN TAU ALASAN TROPICANA SLIM BUAT PER EPS 1 MENIT GITU.

KENAPAAAAA!!!?  

MOHON ALASANNYA 

PAPA INGIN TAU.","TRUE","none","17","2019-11-08T05:26:42.000Z","2019-11-08T05:26:42.000Z",2
"86","Fajar Aji Safaat","https://yt3.ggpht.com/a/AGF-l79VX3kzydt9klN6f_KIW_kfKPwpPDKpfaj_RQ=s48-c-k-c0xffffffff-no-rj-mo","http://www.youtube.com/channel/UCD11myjp3szNIw26WuVHXIQ","UCD11myjp3szNIw26WuVHXIQ","-pOkyNvWwsk","DURASINYA JAHAT BANGET SIH, NGELEDEK YA? WIFI TETANGGA MASIH AKTIF KOK MIN, MAU NONTON DURASI PANJANG PUN SANGGUP! <U+0001F62D>","DURASINYA JAHAT BANGET SIH, NGELEDEK YA? WIFI TETANGGA MASIH AKTIF KOK MIN, MAU NONTON DURASI PANJANG PUN SANGGUP! <U+0001F62D>","TRUE","none","10","2019-11-08T05:14:38.000Z","2019-11-08T05:14:38.000Z",2
"87","Asteriasti Putri","https://yt3.ggpht.com/a/AGF-l79S9yEQEjTZT5fnlLnd3cLP8oZy5EZoR-YQUg=s48-c-k-c0xffffffff-no-rj-mo","http://www.youtube.com/channel/UCnEjfKwsu8IE3ujbVU6IYHg","UCnEjfKwsu8IE3ujbVU6IYHg","-pOkyNvWwsk","Yaampun, dari sekian banyak web series kayaknya ini bikin merinding. menurutku waktunya pas karena dari semenit itu aku bisa gampang belajar bahasa isyarat. Thank you Tropicana Slim","Yaampun, dari sekian banyak web series kayaknya ini bikin merinding. menurutku waktunya pas karena dari semenit itu aku bisa gampang belajar bahasa isyarat. Thank you Tropicana Slim","TRUE","none","7","2019-11-08T05:14:27.000Z","2019-11-08T05:14:27.000Z",2
"88","Mahadear","https://yt3.ggpht.com/a/AGF-l7-thxLyTJuaFkfFXBc_U9YbH25TnYfxk9SOig=s48-c-k-c0xffffffff-no-rj-mo","http://www.youtube.com/channel/UCjOoSMaJi2l9F68fgf8cwOg","UCjOoSMaJi2l9F68fgf8cwOg","-pOkyNvWwsk","Please dehh durasinyaa jangan ragukan kuota internet kamiiii","Please dehh durasinyaa jangan ragukan kuota internet kamiiii","TRUE","none","0","2019-11-08T05:12:27.000Z","2019-11-08T05:12:27.000Z",2
"89","Nisa Khoirunn","https://yt3.ggpht.com/a/AGF-l7_MD32uPy_PJu09S5s7WWEUgGHCTjg01vD6Lw=s48-c-k-c0xffffffff-no-rj-mo","http://www.youtube.com/channel/UCvh61pBAONDtrUf0micoZHg","UCvh61pBAONDtrUf0micoZHg","-pOkyNvWwsk","SEMENIT????<U+0001F62D>","SEMENIT????<U+0001F62D>","TRUE","none","1","2019-11-08T05:12:14.000Z","2019-11-08T05:12:14.000Z",2
"90","Asdar Hamzah","https://yt3.ggpht.com/a/AGF-l7_Ftz-ptEcSy9B0gVPH19ZMvCkyYLuw79CCBw=s48-c-k-c0xffffffff-no-rj-mo","http://www.youtube.com/channel/UCbD6CJB1GVryVPMtCFE9xdA","UCbD6CJB1GVryVPMtCFE9xdA","-pOkyNvWwsk","Rasa, kerap hadir tak terduga.","Rasa, kerap hadir tak terduga.","TRUE","none","0","2019-11-08T05:04:48.000Z","2019-11-08T05:04:48.000Z",2
"91","zianka ziljihan","https://yt3.ggpht.com/a/AGF-l78dBJRjJPHYU0BtzdadM5DqbiI9OIMzw1QEvg=s48-c-k-c0xffffffff-no-rj-mo","http://www.youtube.com/channel/UC5rQwI_h0JbxtjhKg44-s-Q","UC5rQwI_h0JbxtjhKg44-s-Q","-pOkyNvWwsk","Lucuuuu ishh suka, sumpahh dr dulu bikin web series ga penah la durasinyaa","Lucuuuu ishh suka, sumpahh dr dulu bikin web series ga penah la durasinyaa","TRUE","none","0","2019-11-08T04:47:23.000Z","2019-11-08T04:47:23.000Z",2
"92","Syerli Syerlimomba","https://yt3.ggpht.com/a/AGF-l78khegrBGfX_baAzettWycbe7MLWlXrLqeQEg=s48-c-k-c0xffffffff-no-rj-mo","http://www.youtube.com/channel/UC5WFL3-WFdJAXGuHlzyK2uw","UC5WFL3-WFdJAXGuHlzyK2uw","-pOkyNvWwsk","Tes","Tes","TRUE","none","0","2019-11-08T04:45:34.000Z","2019-11-08T04:45:34.000Z",2
"93","Bella Pardian N Allifiah","https://yt3.ggpht.com/a/AGF-l79t3t4IyRNWGAD8PAv8EyXzi4UTLAx9_StICg=s48-c-k-c0xffffffff-no-rj-mo","http://www.youtube.com/channel/UCQ8eraKDljEfDd6fz1IKiXg","UCQ8eraKDljEfDd6fz1IKiXg","-pOkyNvWwsk","Ganteengg","Ganteengg","TRUE","none","0","2019-11-08T04:40:14.000Z","2019-11-08T04:40:14.000Z",2
"94","Galuh Qori'ah","https://yt3.ggpht.com/a/AGF-l7-mfR_Xuk0myV0rSjiyvBpV3tL3rBOp78lDcw=s48-c-k-c0xffffffff-no-rj-mo","http://www.youtube.com/channel/UCtRmuSWaM76CtQkBF_n44bg","UCtRmuSWaM76CtQkBF_n44bg","-pOkyNvWwsk","SEMENIT:&#39;))","SEMENIT:'))","TRUE","none","0","2019-11-08T04:39:36.000Z","2019-11-08T04:39:36.000Z",2
"95","Mika Devirzha","https://yt3.ggpht.com/a/AGF-l79N_uVhVtkP8WHm9RvNE7XneUv2ptEscPfXvw=s48-c-k-c0xffffffff-no-rj-mo","http://www.youtube.com/channel/UCRpho5ZLt12DcurZGeKGoZQ","UCRpho5ZLt12DcurZGeKGoZQ","-pOkyNvWwsk","Buat web series nya niatan dikit lah...<U+0001F622><U+0001F622><U+0001F622><U+0001F622>","Buat web series nya niatan dikit lah...<U+0001F622><U+0001F622><U+0001F622><U+0001F622>","TRUE","none","0","2019-11-08T04:35:41.000Z","2019-11-08T04:35:41.000Z",2
"96","Naifa Tasya","https://yt3.ggpht.com/a/AGF-l7-9LZmtpJVE3fi5a_3tHA-fHgpgFxKMz2aSJQ=s48-c-k-c0xffffffff-no-rj-mo","http://www.youtube.com/channel/UCeYc_2667Im1h53I0EVC8Ng","UCeYc_2667Im1h53I0EVC8Ng","-pOkyNvWwsk","Kenapa gak 10 menitann aja :&#39;) 1 menit bener bener kek iklan doangg gak berasa","Kenapa gak 10 menitann aja :') 1 menit bener bener kek iklan doangg gak berasa","TRUE","none","0","2019-11-08T04:33:45.000Z","2019-11-08T04:33:45.000Z",2
"97","Ainah njenar","https://yt3.ggpht.com/a/AGF-l79dN2rvCqRUYv-5nfwsPDg7bTvoNgfidamVoA=s48-c-k-c0xffffffff-no-rj-mo","http://www.youtube.com/channel/UC1F9Bq43eojaDEbtD_uS1PA","UC1F9Bq43eojaDEbtD_uS1PA","-pOkyNvWwsk","<a href=""http://ini.apaan.sh/"">ini.apaan.sh</a> ko sekilas ky iklan aj<U+0001F914>","ini.apaan.sh ko sekilas ky iklan aj<U+0001F914>","TRUE","none","0","2019-11-08T04:31:29.000Z","2019-11-08T04:31:29.000Z",2
"98","Prasetyo Wicaksono","https://yt3.ggpht.com/a/AGF-l7_9VcsFzYmCdjhxX8thFmL47-Pwq43UEYzDTg=s48-c-k-c0xffffffff-no-rj-mo","http://www.youtube.com/channel/UC2uJ8Kt_KH2PN6shwaPgL4A","UC2uJ8Kt_KH2PN6shwaPgL4A","-pOkyNvWwsk","Sebentar banget ya ??","Sebentar banget ya ??","TRUE","none","0","2019-11-08T04:31:10.000Z","2019-11-08T04:31:10.000Z",2
"99","Naufal Islah","https://yt3.ggpht.com/a/AGF-l791p2HB8QHoOrgJh6iAU3exhfg-K44lU4pbIQ=s48-c-k-c0xffffffff-no-rj-mo","http://www.youtube.com/channel/UCT3b71ttnDLcv6l5pKYEjNQ","UCT3b71ttnDLcv6l5pKYEjNQ","-pOkyNvWwsk","Langsung nonton dong","Langsung nonton dong","TRUE","none","1","2019-11-08T04:30:53.000Z","2019-11-08T04:30:53.000Z",2
"100","Sunyi Coffee","https://yt3.ggpht.com/a/AGF-l79Wg6bFQWROoyDBRBEIgCTCFYqW_9SGUd140g=s48-c-k-c0xffffffff-no-rj-mo","http://www.youtube.com/channel/UCkqV2x7C5G4-ekywNwwtS_Q","UCkqV2x7C5G4-ekywNwwtS_Q","xyxAjb3QfSc","Mini Series hasil kolaborasi dengan TropicanaSlim, dengan aktor asli tuli dan kerjasama komunitas seni fantasi tuli. Sunyi hadir sebagai tempat pertemuan 2 dunia yg sebelumnya tidak terbayang dapat bertemu. <br /><br />Sunyi ingin terus berkembang untuk dapat memperkenalkan dunia disabilitas sebagai dunia yg mengagumkan dan penuh kejutan. Oleh karena itu, setiap like pada video <a href=""http://www.youtube.com/results?search_query=%23CeritaSunyi"">#CeritaSunyi</a> di YouTube akan dikonversikan menjadi Rp 500 untuk pengembangan Sunyi House of Coffee and Hope dalam membantu memperluas kesempatan teman - teman disabilitas untuk berkreasi dan berekspresi melalui kopi.<br /><br />Ayo kita menjadi duta dunia yg menakjubkan ini dengan like dan share kepada rekan - rekan kalian semua karena setiap dukungan pasti sangat berarti<br /><br />@tropicanaslim <br /><a href=""http://www.youtube.com/results?search_query=%23CeritaSunyi"">#CeritaSunyi</a> <a href=""http://www.youtube.com/results?search_query=%23SahabatSunyi"">#SahabatSunyi</a>","Mini Series hasil kolaborasi dengan TropicanaSlim, dengan aktor asli tuli dan kerjasama komunitas seni fantasi tuli. Sunyi hadir sebagai tempat pertemuan 2 dunia yg sebelumnya tidak terbayang dapat bertemu. 

Sunyi ingin terus berkembang untuk dapat memperkenalkan dunia disabilitas sebagai dunia yg mengagumkan dan penuh kejutan. Oleh karena itu, setiap like pada video #CeritaSunyi di YouTube akan dikonversikan menjadi Rp 500 untuk pengembangan Sunyi House of Coffee and Hope dalam membantu memperluas kesempatan teman - teman disabilitas untuk berkreasi dan berekspresi melalui kopi.

Ayo kita menjadi duta dunia yg menakjubkan ini dengan like dan share kepada rekan - rekan kalian semua karena setiap dukungan pasti sangat berarti

@tropicanaslim 
#CeritaSunyi #SahabatSunyi","TRUE","none","29","2019-11-09T07:57:20.000Z","2019-11-09T07:57:20.000Z",3
"101","december D","https://yt3.ggpht.com/a/AGF-l781CsVm9f0dXitFEz_3gk17cKmF4SZkjnnWVA=s48-c-k-c0xffffffff-no-rj-mo","http://www.youtube.com/channel/UCiupdDVNgnu16BR747Ajskw","UCiupdDVNgnu16BR747Ajskw","xyxAjb3QfSc","&quot;ko kosong&quot;<br />&quot;astagfirullahaladzim kerja lembur bagai kuda..&quot; wkwkwk","""ko kosong""
""astagfirullahaladzim kerja lembur bagai kuda.."" wkwkwk","TRUE","none","0","2019-11-26T13:57:29.000Z","2019-11-26T13:57:29.000Z",3
"102","Adinda Prameswari","https://yt3.ggpht.com/a/AGF-l78QjONK6rqCBZZA5f58wUUajAHldwv4dbec1Q=s48-c-k-c0xffffffff-no-rj-mo","http://www.youtube.com/channel/UCtNhBN7nM362n41cK4ShNWw","UCtNhBN7nM362n41cK4ShNWw","xyxAjb3QfSc","Ada yang tau judul lagunya?","Ada yang tau judul lagunya?","TRUE","none","0","2019-11-24T12:26:24.000Z","2019-11-24T12:26:24.000Z",3
"103","Idham Maulana Irhami","https://yt3.ggpht.com/a/AGF-l7-0u_4P5bIVWbMQboxo8mG4uJzOCbZopns6BQ=s48-c-k-c0xffffffff-no-rj-mo","http://www.youtube.com/channel/UCiTOEQ2HUjKFK4TuyVVmWPw","UCiTOEQ2HUjKFK4TuyVVmWPw","xyxAjb3QfSc","Ini kenapa gabisa diplay sih","Ini kenapa gabisa diplay sih","TRUE","none","0","2019-11-18T18:59:33.000Z","2019-11-18T18:59:33.000Z",3
"104","Afla Amira","https://yt3.ggpht.com/a/AGF-l7-FLghYlI7G2tD9KFuHMUHxC_TrRdSdQZKg0g=s48-c-k-c0xffffffff-no-rj-mo","http://www.youtube.com/channel/UCvPj7l8r8dNDMpTU9f46hdg","UCvPj7l8r8dNDMpTU9f46hdg","xyxAjb3QfSc","Guru pendidikan luar biasa lg dibutuhin bnyk ayokk masuk PLB","Guru pendidikan luar biasa lg dibutuhin bnyk ayokk masuk PLB","TRUE","none","0","2019-11-17T16:29:01.000Z","2019-11-17T16:29:01.000Z",3
"105","Fira Yunanda","https://yt3.ggpht.com/a/AGF-l78iwj25HWdnLzZzJaS8JFU4hF1IagXDa17Mnw=s48-c-k-c0xffffffff-no-rj-mo","http://www.youtube.com/channel/UCCtCU-DBKpnDjm7cJNEtjUw","UCCtCU-DBKpnDjm7cJNEtjUw","xyxAjb3QfSc","<U+2764><U+2764><U+2764><U+2764><U+2764>","<U+2764><U+2764><U+2764><U+2764><U+2764>","TRUE","none","0","2019-11-14T19:47:56.000Z","2019-11-14T19:47:56.000Z",3
"106","Vivi B","https://yt3.ggpht.com/a/AGF-l7_Dw-y0xwTSkWMGB1G6wIDwa1laWGPDJA6uvQ=s48-c-k-c0xffffffff-no-rj-mo","http://www.youtube.com/channel/UCz32Iq7gCWZbRlNrk3oOLZQ","UCz32Iq7gCWZbRlNrk3oOLZQ","xyxAjb3QfSc","Durasinya bentar banget.<br />saran, untuk teksnya jangan warna putih kalo pas latarnya warna cerah, biar lebih mudah terbaca","Durasinya bentar banget.
saran, untuk teksnya jangan warna putih kalo pas latarnya warna cerah, biar lebih mudah terbaca","TRUE","none","1","2019-11-12T04:51:05.000Z","2019-11-12T04:51:05.000Z",3
"107","Naufal Fadhil","https://yt3.ggpht.com/a/AGF-l79KxpXKkA3l5UHGrPMIn5ylQlnKut9Y8VlAFw=s48-c-k-c0xffffffff-no-rj-mo","http://www.youtube.com/channel/UCu_lx1X5ly6xE_AsWaUkGGg","UCu_lx1X5ly6xE_AsWaUkGGg","xyxAjb3QfSc","ini lagunyaaa apa woeeeeee","ini lagunyaaa apa woeeeeee","TRUE","none","0","2019-11-12T02:02:00.000Z","2019-11-12T02:02:00.000Z",3
"108","Annisa Rosmalia","https://yt3.ggpht.com/a/AGF-l7_u6nwrcIH4VuVmIthzjks1-os_7KFgcAWC5w=s48-c-k-c0xffffffff-no-rj-mo","http://www.youtube.com/channel/UCfpZnvpskgV0m08z1CV0PMQ","UCfpZnvpskgV0m08z1CV0PMQ","xyxAjb3QfSc","Puisi dan lagu yang indah!","Puisi dan lagu yang indah!","TRUE","none","0","2019-11-11T15:27:01.000Z","2019-11-11T15:27:01.000Z",3
"109","Irene Gracesiana","https://yt3.ggpht.com/a/AGF-l79eJJ8zqQ9XJhgHsFnpkClrxh--gZ92MA49XA=s48-c-k-c0xffffffff-no-rj-mo","http://www.youtube.com/channel/UC-KZJbd-isi0OnPR4ldao1g","UC-KZJbd-isi0OnPR4ldao1g","xyxAjb3QfSc","Kata-katanya bagus banget. Terharu, dan amazed at the same time!","Kata-katanya bagus banget. Terharu, dan amazed at the same time!","TRUE","none","0","2019-11-11T02:50:15.000Z","2019-11-11T02:50:15.000Z",3
"110","Bella Pardian N Allifiah","https://yt3.ggpht.com/a/AGF-l79t3t4IyRNWGAD8PAv8EyXzi4UTLAx9_StICg=s48-c-k-c0xffffffff-no-rj-mo","http://www.youtube.com/channel/UCQ8eraKDljEfDd6fz1IKiXg","UCQ8eraKDljEfDd6fz1IKiXg","xyxAjb3QfSc","Cuma 2 menit? Anda meragukan hotspot emak saya?","Cuma 2 menit? Anda meragukan hotspot emak saya?","TRUE","none","4","2019-11-10T23:52:22.000Z","2019-11-10T23:52:22.000Z",3
"111","Syahalam Racing","https://yt3.ggpht.com/a/AGF-l78U6D4wVVzRIu1CqAsEZwc72DevYkmJnYEjwQ=s48-c-k-c0xffffffff-no-rj-mo","http://www.youtube.com/channel/UCA7z0vcqq51O9xp0VI1s7BA","UCA7z0vcqq51O9xp0VI1s7BA","xyxAjb3QfSc","sayang banket sama teman teman Sunyi","sayang banket sama teman teman Sunyi","TRUE","none","0","2019-11-10T14:41:09.000Z","2019-11-10T14:41:09.000Z",3
"112","Irfan Parikesit","https://yt3.ggpht.com/a/AGF-l7-ZScpC4rsj27sFa625Vr5xVouf9ShoNdhUYA=s48-c-k-c0xffffffff-no-rj-mo","http://www.youtube.com/channel/UCj5MdRLgrW_0DollKMLzCSg","UCj5MdRLgrW_0DollKMLzCSg","xyxAjb3QfSc","numpang baper gan","numpang baper gan","TRUE","none","0","2019-11-10T14:34:24.000Z","2019-11-10T14:34:24.000Z",3
"113","Marcella Soenggono","https://yt3.ggpht.com/a/AGF-l79AW5Bdxz92Vc8G9nn37RPg56gdCe-OCzwPYQ=s48-c-k-c0xffffffff-no-rj-mo","http://www.youtube.com/channel/UC1pH7RkAaUW1gU9a7r55MOw","UC1pH7RkAaUW1gU9a7r55MOw","xyxAjb3QfSc","Bagus sekali ceritanya... &quot;ketika sepi, kadang kita menemukan diri sendiri&quot;","Bagus sekali ceritanya... ""ketika sepi, kadang kita menemukan diri sendiri""","TRUE","none","1","2019-11-10T14:21:15.000Z","2019-11-10T14:21:15.000Z",3
"114","Rachael Abigail Saveria","https://yt3.ggpht.com/a/AGF-l7--L4vTjFTbrTfef1URDp_Cd5q5dRFlh3ZHjQ=s48-c-k-c0xffffffff-no-rj-mo","http://www.youtube.com/channel/UCqvowGswJEOXfFv3Bkt4XeA","UCqvowGswJEOXfFv3Bkt4XeA","xyxAjb3QfSc","Lagunya bagus bangeeeeet <U+0001F622><U+2665><U+FE0F>","Lagunya bagus bangeeeeet <U+0001F622><U+2665><U+FE0F>","TRUE","none","0","2019-11-10T14:19:37.000Z","2019-11-10T14:19:37.000Z",3
"115","Bernard Sibarani","https://yt3.ggpht.com/a/AGF-l793Ud_9dRi6okn5_NpbeBr5KGWB4AP1x9I_PQ=s48-c-k-c0xffffffff-no-rj-mo","http://www.youtube.com/channel/UCUZRDeZ0uOsQsjHsk5T6E2Q","UCUZRDeZ0uOsQsjHsk5T6E2Q","xyxAjb3QfSc","Jleb","Jleb","TRUE","none","0","2019-11-10T14:06:52.000Z","2019-11-10T14:06:52.000Z",3
"116","Farell S","https://yt3.ggpht.com/a/AGF-l7-PtYsMizHSHJY6Do56G16HSzc7jyvjwQ6zPw=s48-c-k-c0xffffffff-no-rj-mo","http://www.youtube.com/channel/UClB9i5-MOrr4jWP_UKWikXQ","UClB9i5-MOrr4jWP_UKWikXQ","xyxAjb3QfSc","Monggo di like bantu bantu org gampang","Monggo di like bantu bantu org gampang","TRUE","none","0","2019-11-10T12:37:39.000Z","2019-11-10T12:37:39.000Z",3
"117","ilaaalll","https://yt3.ggpht.com/a/AGF-l7-T5nwZEdEQFGk34xr_12Smp1auC5MbP-j9-A=s48-c-k-c0xffffffff-no-rj-mo","http://www.youtube.com/channel/UCJtTH--EaNAv3ScWv_BV6Cw","UCJtTH--EaNAv3ScWv_BV6Cw","xyxAjb3QfSc","&quot;ko kosong?&quot;<br />&quot;Aku bukan membaca buku, tapi aku mencoba melihat mimpi2 mu&quot; <br /><U+0001F62D><U+0001F62D><U+0001F62D>","""ko kosong?""
""Aku bukan membaca buku, tapi aku mencoba melihat mimpi2 mu"" 
<U+0001F62D><U+0001F62D><U+0001F62D>","TRUE","none","15","2019-11-10T08:03:50.000Z","2019-11-10T08:03:50.000Z",3
"118","Budiono Widayat","https://yt3.ggpht.com/a/AGF-l7830yRj7R5LoL1xlqfhGywbNE98Ll8ebXOQHA=s48-c-k-c0xffffffff-no-rj-mo","http://www.youtube.com/channel/UCGZNLHrGTwCtKyTVXn5BHFQ","UCGZNLHrGTwCtKyTVXn5BHFQ","xyxAjb3QfSc","kerennn","kerennn","TRUE","none","0","2019-11-10T03:36:16.000Z","2019-11-10T03:36:16.000Z",3
"119","Pradana AJI","https://yt3.ggpht.com/a/AGF-l7--NjzJjJad8ZcdoNEL5YUFL56SYl2WDGy0bA=s48-c-k-c0xffffffff-no-rj-mo","http://www.youtube.com/channel/UCBw1p6YieoVURlBDecsgDsw","UCBw1p6YieoVURlBDecsgDsw","xyxAjb3QfSc","Speechless. this is art, and both of you sunyi tropicana are amazing.","Speechless. this is art, and both of you sunyi tropicana are amazing.","TRUE","none","0","2019-11-09T16:37:18.000Z","2019-11-09T16:37:18.000Z",3
"120","Agi Htg","https://yt3.ggpht.com/a/AGF-l78i68bbHR0pqP_N3MAdP6bEL5RcyPBtkFvzeQ=s48-c-k-c0xffffffff-no-rj-mo","http://www.youtube.com/channel/UCAxHiQcBqrZi47b6g9soMQg","UCAxHiQcBqrZi47b6g9soMQg","xyxAjb3QfSc","&quot;Di dalam sunyi aku mengagumimu&quot;<br />Indah sekali","""Di dalam sunyi aku mengagumimu""
Indah sekali","TRUE","none","0","2019-11-09T15:54:47.000Z","2019-11-09T15:54:47.000Z",3
"121","nur widyastuti","https://yt3.ggpht.com/a/AGF-l7-XsWys9HnJ96XmRJYxegmhCNvsh3iCdfVSXQ=s48-c-k-c0xffffffff-no-rj-mo","http://www.youtube.com/channel/UCCV9rz-fBtr3xTFZ_NnNinA","UCCV9rz-fBtr3xTFZ_NnNinA","xyxAjb3QfSc","Suka ...tiap episode","Suka ...tiap episode","TRUE","none","0","2019-11-09T14:44:23.000Z","2019-11-09T14:44:23.000Z",3
"122","louise elfrida","https://yt3.ggpht.com/a/AGF-l78l9fhoRyhjD2YdJqm2P2Cluk62iyaOMHeYSg=s48-c-k-c0xffffffff-no-rj-mo","http://www.youtube.com/channel/UCgVy7w0sVY9XKu8TyDPFJfw","UCgVy7w0sVY9XKu8TyDPFJfw","xyxAjb3QfSc","“Ketika sepi, kadang kita menemukan diri sendiri” <U+0001F62D><U+2665><U+FE0F>","“Ketika sepi, kadang kita menemukan diri sendiri” <U+0001F62D><U+2665><U+FE0F>","TRUE","none","12","2019-11-09T14:41:53.000Z","2019-11-09T14:41:53.000Z",3
"123","Vera Dinda Wijayanti","https://yt3.ggpht.com/a/AGF-l7_jbatkfrQfOtVfEznkvfvNd_R4bATT4pLI9Q=s48-c-k-c0xffffffff-no-rj-mo","http://www.youtube.com/channel/UCfT9u5bdoYzSktZdSZEDiNg","UCfT9u5bdoYzSktZdSZEDiNg","xyxAjb3QfSc","Webseries dari tropicana slim kali ini, tiap episode nya kenapa bikin merinding <U+0001F636> bikin ingin jadi teman tuli juga dan main ke sunyi coffe <U+0001F495>","Webseries dari tropicana slim kali ini, tiap episode nya kenapa bikin merinding <U+0001F636> bikin ingin jadi teman tuli juga dan main ke sunyi coffe <U+0001F495>","TRUE","none","0","2019-11-09T13:38:21.000Z","2019-11-09T13:38:21.000Z",3
"124","Yogi Affrian","https://yt3.ggpht.com/a/AGF-l7_oA3Ucjq4tT7Om8KD43NdBf5NfXz1jgL3Pwg=s48-c-k-c0xffffffff-no-rj-mo","http://www.youtube.com/channel/UCRw8lc3HyHuaZR6RwBZ1LCg","UCRw8lc3HyHuaZR6RwBZ1LCg","xyxAjb3QfSc","<a href=""https://www.youtube.com/watch?v=xyxAjb3QfSc&amp;t=1m38s"">1:38</a> ga usah diaduk biar kerasa lebih maniss","1:38 ga usah diaduk biar kerasa lebih maniss","TRUE","none","0","2019-11-09T10:00:39.000Z","2019-11-09T10:00:39.000Z",3
"125","mega mega","https://yt3.ggpht.com/a/AGF-l79Q_oUy19-xkQ81-QB8BsDp0HP0AxwpsnPocQ=s48-c-k-c0xffffffff-no-rj-mo","http://www.youtube.com/channel/UCYMdRxGDqKPGbWgiVpXVxMg","UCYMdRxGDqKPGbWgiVpXVxMg","xyxAjb3QfSc","Tidak banyak company besar yang berani dan mau mengangkat nilai nilai sosial seperti ini. Salut kepada tropicana slim, semoga kesadaran masyarakat terhadap teman tuli semakin besar","Tidak banyak company besar yang berani dan mau mengangkat nilai nilai sosial seperti ini. Salut kepada tropicana slim, semoga kesadaran masyarakat terhadap teman tuli semakin besar","TRUE","none","18","2019-11-09T09:18:59.000Z","2019-11-09T09:18:59.000Z",3
"126","nadhira tasya","https://yt3.ggpht.com/a/AGF-l79_QXSyyMx2MzZpDOOZ_9mLrPSMGFOU1tAXWw=s48-c-k-c0xffffffff-no-rj-mo","http://www.youtube.com/channel/UC2IrJwSyPa6-EBbJyReDlmg","UC2IrJwSyPa6-EBbJyReDlmg","xyxAjb3QfSc","mari kita galakkan membeli produk2 tropicana slim sebanyak2nya agar supaya series2 kayak gini ada terus","mari kita galakkan membeli produk2 tropicana slim sebanyak2nya agar supaya series2 kayak gini ada terus","TRUE","none","0","2019-11-09T08:34:09.000Z","2019-11-09T08:34:09.000Z",3
"127","Jessica Budhyani","https://yt3.ggpht.com/a/AGF-l7-xz4IlBQu_gGgufSOlYMokJYgR4CBfSqdDSg=s48-c-k-c0xffffffff-no-rj-mo","http://www.youtube.com/channel/UC8VGkx7GNIHNP9CSUW_acTQ","UC8VGkx7GNIHNP9CSUW_acTQ","xyxAjb3QfSc","Merinding lah nontonnyaa suka bangett","Merinding lah nontonnyaa suka bangett","TRUE","none","0","2019-11-09T07:54:14.000Z","2019-11-09T07:54:14.000Z",3
"128","Mojito Boss","https://yt3.ggpht.com/a/AGF-l7_vY0ZHBeKVcVGQKM4ARUE3iqtxDSYVqWeo2g=s48-c-k-c0xffffffff-no-rj-mo","http://www.youtube.com/channel/UC2hzM1CfMrP6poUmgRbi1CA","UC2hzM1CfMrP6poUmgRbi1CA","xyxAjb3QfSc","Aktornya ganteng uga <a href=""http://www.youtube.com/results?search_query=%23salahfokus"">#salahfokus</a>","Aktornya ganteng uga #salahfokus","TRUE","none","0","2019-11-09T07:51:25.000Z","2019-11-09T07:51:25.000Z",3
"129","Ferlando Widjaya","https://yt3.ggpht.com/a/AGF-l7_DXO4Bdua3Ed-diAZyW6cFOH1EjlLnxOKl=s48-c-k-c0xffffffff-no-rj-mo","http://www.youtube.com/channel/UCQKlfUu8MGinF4q5VPfSAwA","UCQKlfUu8MGinF4q5VPfSAwA","xyxAjb3QfSc","Soundtrack nya cucok dinyanyiin sm payung teduh","Soundtrack nya cucok dinyanyiin sm payung teduh","TRUE","none","0","2019-11-09T07:48:07.000Z","2019-11-09T07:48:07.000Z",3
"130","Bianca Munaf","https://yt3.ggpht.com/a/AGF-l79t5-wFi6k1npRvieV-zPgH4jm9ZovfZDhrcg=s48-c-k-c0xffffffff-no-rj-mo","http://www.youtube.com/channel/UC3PIA886VfcBgXnMWdgT6yw","UC3PIA886VfcBgXnMWdgT6yw","xyxAjb3QfSc","Ini satu menit tp lebih dalem dr sore. Lanjutin dong minn","Ini satu menit tp lebih dalem dr sore. Lanjutin dong minn","TRUE","none","0","2019-11-09T07:45:42.000Z","2019-11-09T07:45:42.000Z",3
"131","Tio Hermawan","https://yt3.ggpht.com/a/AGF-l79RMk4hquGQH0ERTMu_kmUPJr_veSAW8EKOCA=s48-c-k-c0xffffffff-no-rj-mo","http://www.youtube.com/channel/UCOyKKcufyf7uD1Stma87miw","UCOyKKcufyf7uD1Stma87miw","xyxAjb3QfSc","Sukses risky melia  kereen banget<U+0001F44D>","Sukses risky melia  kereen banget<U+0001F44D>","TRUE","none","0","2019-11-09T07:19:24.000Z","2019-11-09T07:19:24.000Z",3
"132","fillyxia aurora","https://yt3.ggpht.com/a/AGF-l79K5aSqiNXKb-hUJrijeJuAbpI6c8RBbsgzOQ=s48-c-k-c0xffffffff-no-rj-mo","http://www.youtube.com/channel/UCXmGmJga0ts48LwCXu-IBSQ","UCXmGmJga0ts48LwCXu-IBSQ","xyxAjb3QfSc","Manisss!!","Manisss!!","TRUE","none","0","2019-11-09T07:09:35.000Z","2019-11-09T07:09:35.000Z",3
"133","MindStream Institute","https://yt3.ggpht.com/a/AGF-l7-l4qr8yJbx_BR4vzdnJjv0VxPbLI_v1r8wBg=s48-c-k-c0xffffffff-no-rj-mo","http://www.youtube.com/channel/UCSMJgPE4YeNS9bUlQ4HPYZQ","UCSMJgPE4YeNS9bUlQ4HPYZQ","xyxAjb3QfSc","Gila... Ini bikin gua mewek banget!!!!! Thanks Tropicana Slim.","Gila... Ini bikin gua mewek banget!!!!! Thanks Tropicana Slim.","TRUE","none","0","2019-11-09T06:54:31.000Z","2019-11-09T06:54:31.000Z",3
"134","Mirmas 99","https://yt3.ggpht.com/a/AGF-l7-NV11lmSBmV-xtYBKGDnHLLYV27CyPd0ji5w=s48-c-k-c0xffffffff-no-rj-mo","http://www.youtube.com/channel/UCp5BQ6Cn5ThUmJocG2qwHQA","UCp5BQ6Cn5ThUmJocG2qwHQA","xyxAjb3QfSc","Iik luwes banget bahasa isyaratnya... Kayak menari...","Iik luwes banget bahasa isyaratnya... Kayak menari...","TRUE","none","0","2019-11-09T06:38:05.000Z","2019-11-09T06:38:05.000Z",3
"135","A. Mardhatillah","https://yt3.ggpht.com/a/AGF-l78o21LB0HZB2_w4yqL8BmhFrTA0oACDIySHig=s48-c-k-c0xffffffff-no-rj-mo","http://www.youtube.com/channel/UChtYITLU6nOxVdS4A60BCzw","UChtYITLU6nOxVdS4A60BCzw","xyxAjb3QfSc","Ah cinta banget sama short movie nya Tropicana slim! <U+0001F495>","Ah cinta banget sama short movie nya Tropicana slim! <U+0001F495>","TRUE","none","0","2019-11-09T06:34:13.000Z","2019-11-09T06:34:13.000Z",3
"136","Susi Lawati","https://yt3.ggpht.com/a/AGF-l79Vr96gtBeZ68gvkWGVmSGDzNf_R5sQ8gwQ4w=s48-c-k-c0xffffffff-no-rj-mo","http://www.youtube.com/channel/UCiq_FM2FU-l0dWUbiwBwNvA","UCiq_FM2FU-l0dWUbiwBwNvA","xyxAjb3QfSc","Suka.. Rizky cantik..","Suka.. Rizky cantik..","TRUE","none","0","2019-11-09T06:28:56.000Z","2019-11-09T06:28:56.000Z",3
"137","Susi Lawati","https://yt3.ggpht.com/a/AGF-l79Vr96gtBeZ68gvkWGVmSGDzNf_R5sQ8gwQ4w=s48-c-k-c0xffffffff-no-rj-mo","http://www.youtube.com/channel/UCiq_FM2FU-l0dWUbiwBwNvA","UCiq_FM2FU-l0dWUbiwBwNvA","xyxAjb3QfSc","Keren... Good job Rizky utk belajar bahasa isyarat hasilnya keren banget.","Keren... Good job Rizky utk belajar bahasa isyarat hasilnya keren banget.","TRUE","none","0","2019-11-09T06:25:39.000Z","2019-11-09T06:25:39.000Z",3
"138","Sachi Paramitha","https://yt3.ggpht.com/a/AGF-l7_pa4CH_mqtrMeb4r7lCt1estiNMX3r29B7Nw=s48-c-k-c0xffffffff-no-rj-mo","http://www.youtube.com/channel/UC6brCo8TQCsfzCU4X2yGimg","UC6brCo8TQCsfzCU4X2yGimg","xyxAjb3QfSc","NANGIS TANGGUNG JAWAB PLS. Bikin 1jam","NANGIS TANGGUNG JAWAB PLS. Bikin 1jam","TRUE","none","0","2019-11-09T06:11:59.000Z","2019-11-09T06:11:59.000Z",3
"139","Asdar Hamzah","https://yt3.ggpht.com/a/AGF-l7_Ftz-ptEcSy9B0gVPH19ZMvCkyYLuw79CCBw=s48-c-k-c0xffffffff-no-rj-mo","http://www.youtube.com/channel/UCbD6CJB1GVryVPMtCFE9xdA","UCbD6CJB1GVryVPMtCFE9xdA","xyxAjb3QfSc","Judul lagunya apa ni?","Judul lagunya apa ni?","TRUE","none","0","2019-11-09T06:07:41.000Z","2019-11-09T06:07:41.000Z",3
"140","nick nickolas","https://yt3.ggpht.com/a/AGF-l7-LV1KKB0QEYUCDD0ig7OO5WFw7iCyNls1XeA=s48-c-k-c0xffffffff-no-rj-mo","http://www.youtube.com/channel/UCNzQRepMDxh9EQzH98tRwoQ","UCNzQRepMDxh9EQzH98tRwoQ","xyxAjb3QfSc","H A D I R","H A D I R","TRUE","none","0","2019-11-09T06:06:25.000Z","2019-11-09T06:06:25.000Z",3
"141","Geraldi Giovanda","https://yt3.ggpht.com/a/AGF-l79lZvKebajHBBxX_vn3FsJXORz5QgEGCUG47w=s48-c-k-c0xffffffff-no-rj-mo","http://www.youtube.com/channel/UCwMIsQO0YnzXpNW-CwMEEwg","UCwMIsQO0YnzXpNW-CwMEEwg","xyxAjb3QfSc","Ini seri terbaik ASLI. Please bikin versi 1 jam","Ini seri terbaik ASLI. Please bikin versi 1 jam","TRUE","none","4","2019-11-09T06:04:56.000Z","2019-11-09T06:04:56.000Z",3
"142","Nisa Khoirunn","https://yt3.ggpht.com/a/AGF-l7_MD32uPy_PJu09S5s7WWEUgGHCTjg01vD6Lw=s48-c-k-c0xffffffff-no-rj-mo","http://www.youtube.com/channel/UCvh61pBAONDtrUf0micoZHg","UCvh61pBAONDtrUf0micoZHg","xyxAjb3QfSc","Kpn sejam:(","Kpn sejam:(","TRUE","none","1","2019-11-09T05:56:11.000Z","2019-11-09T05:56:11.000Z",3
"143","Maher Zack","https://yt3.ggpht.com/a/AGF-l78BI4kEAX_mpgip_C7XRq54I5qU7MZktnpojw=s48-c-k-c0xffffffff-no-rj-mo","http://www.youtube.com/channel/UClcQ3PVw7M5VEjqWlWzRBYA","UClcQ3PVw7M5VEjqWlWzRBYA","xyxAjb3QfSc","sukaaaaaakkkk","sukaaaaaakkkk","TRUE","none","0","2019-11-09T05:32:18.000Z","2019-11-09T05:32:18.000Z",3
"144","SETYA NOVANTOL","https://yt3.ggpht.com/a/AGF-l7879ZZDNBaK1mdW8Q931mJu_dwhEWF8Wxxc6g=s48-c-k-c0xffffffff-no-rj-mo","http://www.youtube.com/channel/UCyBoceFd-VLNCPOwDcosZHg","UCyBoceFd-VLNCPOwDcosZHg","xyxAjb3QfSc","<a href=""https://www.youtube.com/watch?v=xyxAjb3QfSc&amp;t=01m41s"">01:41</a>   gulanya gak di aduk , lngsung minum<br />Bisa nempel tu gula <U+0001F602><br /><br /><br />Btw..episode 3  pasti 3 menit <U+0001F602>","01:41   gulanya gak di aduk , lngsung minum
Bisa nempel tu gula <U+0001F602>


Btw..episode 3  pasti 3 menit <U+0001F602>","TRUE","none","1","2019-11-09T05:29:29.000Z","2019-11-09T05:29:29.000Z",3
"145","Fadilah El Khuluqo","https://yt3.ggpht.com/a/AGF-l7-XC5jXpmemFsycdV9eqB0Q4Nmx5OQDTGLjdA=s48-c-k-c0xffffffff-no-rj-mo","http://www.youtube.com/channel/UCfH67skVQQVJr0gKksZh6IA","UCfH67skVQQVJr0gKksZh6IA","xyxAjb3QfSc","Seriesnya bagus terus<U+0001F5A4>","Seriesnya bagus terus<U+0001F5A4>","TRUE","none","0","2019-11-09T05:05:22.000Z","2019-11-09T05:05:22.000Z",3
"146","Andreas Fajar Nugroho","https://yt3.ggpht.com/a/AGF-l79BTSJTge-R1P_hZ5jfNTaBjwNIY10ffsI6tA=s48-c-k-c0xffffffff-no-rj-mo","http://www.youtube.com/channel/UCF7DA1i3YfkBK8qTv-PNTQg","UCF7DA1i3YfkBK8qTv-PNTQg","xyxAjb3QfSc","ada rasa manis manisnya.. Mungkin mbaknya gula","ada rasa manis manisnya.. Mungkin mbaknya gula","TRUE","none","2","2019-11-09T04:53:20.000Z","2019-11-09T04:53:20.000Z",3
"147","setiandi nur","https://yt3.ggpht.com/a/AGF-l7-WrHaydGml5dUQTrvAMiIa0_godYWKUUHgLQ=s48-c-k-c0xffffffff-no-rj-mo","http://www.youtube.com/channel/UCXvrVblqzUZFZidPT6VYmmQ","UCXvrVblqzUZFZidPT6VYmmQ","xyxAjb3QfSc","Kemaren Episode 2 dikira <a href=""http://www.youtube.com/results?search_query=%23teaser"">#teaser</a> buat episode 2 ternyata hari ini episode 3 <U+0001F602>","Kemaren Episode 2 dikira #teaser buat episode 2 ternyata hari ini episode 3 <U+0001F602>","TRUE","none","0","2019-11-09T04:44:23.000Z","2019-11-09T04:44:23.000Z",3
"148","Nursyifa Aprilisa","https://yt3.ggpht.com/a/AGF-l7_D3irjVmp53a_kLh2FCWSN0H48UdJWPp6iPA=s48-c-k-c0xffffffff-no-rj-mo","http://www.youtube.com/channel/UCGxqXJX5OdxvBDxRbURFBuw","UCGxqXJX5OdxvBDxRbURFBuw","xyxAjb3QfSc","Tropicana slim emg bener2 keren web seriesnya <U+0001F62D>","Tropicana slim emg bener2 keren web seriesnya <U+0001F62D>","TRUE","none","0","2019-11-09T04:36:38.000Z","2019-11-09T04:36:38.000Z",3
"149","danirust","https://yt3.ggpht.com/a/AGF-l78utkGGN1iz9EZ9FFoVyZk_2VbD7IZp4QMAuA=s48-c-k-c0xffffffff-no-rj-mo","http://www.youtube.com/channel/UCa7ZMAbWVzeXfS1-9HZJnsA","UCa7ZMAbWVzeXfS1-9HZJnsA","xyxAjb3QfSc","Tuh kan, tiap hari. Seru juga, jadi penasaran","Tuh kan, tiap hari. Seru juga, jadi penasaran","TRUE","none","0","2019-11-09T04:35:41.000Z","2019-11-09T04:35:41.000Z",3
"150","princess puteri","https://yt3.ggpht.com/a/AGF-l79C8EG4_GaRg7h4n8Qas_GFmJ2NgdXFEPU26A=s48-c-k-c0xffffffff-no-rj-mo","http://www.youtube.com/channel/UCaKvWM_i3c8Y2G6qC30i_ww","UCaKvWM_i3c8Y2G6qC30i_ww","xyxAjb3QfSc","firstt","firstt","TRUE","none","0","2019-11-09T04:31:24.000Z","2019-11-09T04:31:24.000Z",3
