"","authorDisplayName","authorProfileImageUrl","authorChannelUrl","textOriginal","likeCount","publishedAt","updatedAt","episode"
"1","Sunyi Coffee","https://yt3.ggpht.com/a/AGF-l79Wg6bFQWROoyDBRBEIgCTCFYqW_9SGUd140g=s48-c-k-c0xffffffff-no-rj-mo","http://www.youtube.com/channel/UCkqV2x7C5G4-ekywNwwtS_Q","mini series hasil kolaborasi dengan tropicanaslim dengan aktor asli tuli dan kerjasama komunitas seni fantasi tuli sunyi hadir sebagai tempat pertemuan 2 dunia yg sebelumnya tidak terbayang dapat bertemu  sunyi ingin terus berkembang untuk dapat memperkenalkan dunia disabilitas sebagai dunia yg mengagumkan dan penuh kejutan oleh karena itu setiap like pada video ceritasunyi di youtube akan dikonversikan menjadi rp 500 untuk pengembangan sunyi house of coffee and hope dalam membantu memperluas kesempatan teman - teman disabilitas untuk berkreasi dan berekspresi melalui kopi  ayo kita menjadi duta dunia yg menakjubkan ini dengan like dan share kepada rekan - rekan kalian semua karena setiap dukungan pasti sangat berarti  tropicanaslim ceritasunyi sahabatsunyi",16,2019-11-09 07:59:43,2019-11-09 07:59:43,1
"2","Ariva Azka","https://yt3.ggpht.com/a/AGF-l78YLJk1eeS3fbmd4BF6HHRGEM7zua-2C0x8Ew=s48-c-k-c0xffffffff-no-rj-mo","http://www.youtube.com/channel/UCYukaD4hOQv946Ty4rIKJtw","aku mau nonton nya nanti aja satu tahun kemudian biar kaya sore dan janji wkwkk btw keren bgttttt web series tropocanaaa sukses terus dlm berkarya",0,2019-11-14 15:33:36,2019-11-14 15:33:36,1
"3","Irfan Parikesit","https://yt3.ggpht.com/a/AGF-l7-ZScpC4rsj27sFa625Vr5xVouf9ShoNdhUYA=s48-c-k-c0xffffffff-no-rj-mo","http://www.youtube.com/channel/UCj5MdRLgrW_0DollKMLzCSg","oke mevvek tiba tiba pas paham",0,2019-11-10 14:32:47,2019-11-10 14:32:47,1
"4","Marcella Soenggono","https://yt3.ggpht.com/a/AGF-l79AW5Bdxz92Vc8G9nn37RPg56gdCe-OCzwPYQ=s48-c-k-c0xffffffff-no-rj-mo","http://www.youtube.com/channel/UC1pH7RkAaUW1gU9a7r55MOw","brilliant idea salut bgt tropicana",0,2019-11-10 14:22:11,2019-11-10 14:22:11,1
"5","Farell S","https://yt3.ggpht.com/a/AGF-l7-PtYsMizHSHJY6Do56G16HSzc7jyvjwQ6zPw=s48-c-k-c0xffffffff-no-rj-mo","http://www.youtube.com/channel/UClB9i5-MOrr4jWP_UKWikXQ","gold ",0,2019-11-10 12:36:34,2019-11-10 12:36:34,1
"6","Sachi Paramitha","https://yt3.ggpht.com/a/AGF-l7_pa4CH_mqtrMeb4r7lCt1estiNMX3r29B7Nw=s48-c-k-c0xffffffff-no-rj-mo","http://www.youtube.com/channel/UC6brCo8TQCsfzCU4X2yGimg"," u2764 u2764 ",0,2019-11-10 12:31:46,2019-11-10 12:31:46,1
"7","Pradana AJI","https://yt3.ggpht.com/a/AGF-l7--NjzJjJad8ZcdoNEL5YUFL56SYl2WDGy0bA=s48-c-k-c0xffffffff-no-rj-mo","http://www.youtube.com/channel/UCBw1p6YieoVURlBDecsgDsw","was wondering around looking for good youtubing saking gabutnya and i end up here sunyi coffee ada di fatmawati guys seluruh baristanya adalah teman teman disabilitas good coffee extremely friendly barista dan yang terpenting hati lu berasa lebih puas dan tenang ngopi disana dibanding dimall",5,2019-11-09 16:40:08,2019-11-09 16:40:08,1
"8","sherlock homeless","https://yt3.ggpht.com/a/AGF-l7_yl1DYnH5NoALRA6WGOL-bjZQiEKyCdpvAJQ=s48-c-k-c0xffffffff-no-rj-mo","http://www.youtube.com/channel/UCIa4EzC0wXWkYvgVcoMdzGg","astaga lagi belajar sign language ketemu ini kayak takdir suka sekali ",0,2019-11-09 13:53:05,2019-11-09 13:53:05,1
"9","Sachi Paramitha","https://yt3.ggpht.com/a/AGF-l7_pa4CH_mqtrMeb4r7lCt1estiNMX3r29B7Nw=s48-c-k-c0xffffffff-no-rj-mo","http://www.youtube.com/channel/UC6brCo8TQCsfzCU4X2yGimg","  gile tropicana main inklusivitas skrg mantap",1,2019-11-09 06:15:30,2019-11-09 06:15:30,1
"10","zigi ziall","https://yt3.ggpht.com/a/AGF-l7_fz5C_Eqwmegvpi09VMOJW6KIGbAtOPycYcw=s48-c-k-c0xffffffff-no-rj-mo","http://www.youtube.com/channel/UCVhtf9FXnRGELUQcyVlWgbg","yg ceweknya pemenang panah asmara arjuna kan yah hehe",0,2019-11-09 03:48:07,2019-11-09 03:48:07,1
"11","Mojito Boss","https://yt3.ggpht.com/a/AGF-l7_vY0ZHBeKVcVGQKM4ARUE3iqtxDSYVqWeo2g=s48-c-k-c0xffffffff-no-rj-mo","http://www.youtube.com/channel/UC2hzM1CfMrP6poUmgRbi1CA","saya baru paham di akhir gila dan katanya ini setiap likenya disumbangin kapan lagi bs nonton video baper sekalian donasi guys",1,2019-11-08 17:49:45,2019-11-08 17:49:45,1
"12","Ferlando Widjaya","https://yt3.ggpht.com/a/AGF-l7_DXO4Bdua3Ed-diAZyW6cFOH1EjlLnxOKl=s48-c-k-c0xffffffff-no-rj-mo","http://www.youtube.com/channel/UCQKlfUu8MGinF4q5VPfSAwA","another bahan baper di kantor kamvret",0,2019-11-08 17:44:59,2019-11-08 17:44:59,1
"13","Nym Supriyanto","https://yt3.ggpht.com/a/AGF-l78XnfEgnIxyWthmk5-3v5QJHzUc5IGWkAx1pQ=s48-c-k-c0xffffffff-no-rj-mo","http://www.youtube.com/channel/UCySxOk59nxOea1Nbg8x7wdg","aktor nya tuli otomatis ini juga buat teman2 tuli tapi sayang gk ada subtitle nya ",0,2019-11-08 17:16:43,2019-11-08 17:16:43,1
"14","ayunizzahra","https://yt3.ggpht.com/a/AGF-l7-cW87UvP-Gkqvc5GANMw0xDrf6FBeM9n5Wjw=s48-c-k-c0xffffffff-no-rj-mo","http://www.youtube.com/channel/UCJkwFM6XPJ6xeDhKnp3emFg"," u2764 ufe0f u2764 ufe0f u2764 ufe0f ",0,2019-11-08 16:19:34,2019-11-08 16:19:34,1
"15","nur widyastuti","https://yt3.ggpht.com/a/AGF-l7-XsWys9HnJ96XmRJYxegmhCNvsh3iCdfVSXQ=s48-c-k-c0xffffffff-no-rj-mo","http://www.youtube.com/channel/UCCV9rz-fBtr3xTFZ_NnNinA","lanjut mba iik",0,2019-11-08 14:22:36,2019-11-08 14:22:36,1
"16","Rully Ahmad","https://yt3.ggpht.com/a/AGF-l7_qyvRFcRv4aqqxM1xG3iFRhcoLagblPAv7kw=s48-c-k-c0xffffffff-no-rj-mo","http://www.youtube.com/channel/UCdzcM3lRYFESgrPOQ1xisIQ","kalau boleh tau ini sutradaranya siapa ya ?",0,2019-11-08 12:28:33,2019-11-08 12:28:33,1
"17","deyo anggara","https://yt3.ggpht.com/a/AGF-l7-zn-5s9k58u3lJpKJ6bo66Aod1ya-YVi2IVA=s48-c-k-c0xffffffff-no-rj-mo","http://www.youtube.com/channel/UCycOgCfqq0mEYstoasSWdjg","knp ga post di ig story aja hahaa",1,2019-11-08 12:26:44,2019-11-08 12:26:44,1
"18","ummi kholsum","https://yt3.ggpht.com/a/AGF-l79eh4RO0k-vR2S2Xcbr4me2JXdGX5DT16nl5A=s48-c-k-c0xffffffff-no-rj-mo","http://www.youtube.com/channel/UCDdrZbzgcKijNc0VyCkdUfQ","kenapa durasinya nda sepanjang sore seperti treaser aja padahal ini tulisan episode 1  admin tolong tambahin durasinya ",1,2019-11-08 12:04:02,2019-11-08 12:04:02,1
"19","Suko Adiningkaryo","https://yt3.ggpht.com/a/AGF-l7-Bdm5D0BeeDzpSWl6rOEl4I3MifxTq6m8drA=s48-c-k-c0xffffffff-no-rj-mo","http://www.youtube.com/channel/UCIGxteIFqg8XDXuk6mUMBCw","baru juga ngucek mata udah slesai aja ",0,2019-11-08 10:51:20,2019-11-08 10:51:20,1
"20","Nadia Oktavia","https://yt3.ggpht.com/a/AGF-l7_t2VPlSM0yg0-O1d3yk--g0WYdVHFvL9h2EQ=s48-c-k-c0xffffffff-no-rj-mo","http://www.youtube.com/channel/UCudCxmLP5v-QSFruKQ_8y-g","kereen singkat tapi dapet feelnya ditunggu episode selanjutnyaa",0,2019-11-08 00:54:50,2019-11-08 00:54:50,1
"21","Rachael Abigail Saveria","https://yt3.ggpht.com/a/AGF-l7--L4vTjFTbrTfef1URDp_Cd5q5dRFlh3ZHjQ=s48-c-k-c0xffffffff-no-rj-mo","http://www.youtube.com/channel/UCqvowGswJEOXfFv3Bkt4XeA","keren banget  u2665 ufe0f senang ceritanya sangat inklusif salut untuk aktor tuli u2665 ufe0f pasti ga mudah proses syutingnya tapi hasilnya top ",4,2019-11-07 18:10:41,2019-11-07 18:10:41,1
"22","Al Hasan","https://yt3.ggpht.com/a/AGF-l7_yu3HjlIyoaSuwPw5ttPmWjz5n2V7rHu40iA=s48-c-k-c0xffffffff-no-rj-mo","http://www.youtube.com/channel/UCsg7tTb6xz0jNeH9K1o_A_Q","keren parahh",0,2019-11-07 16:42:24,2019-11-07 16:42:24,1
"23","Choi Minhold","https://yt3.ggpht.com/a/AGF-l7-60Nxi0bGUsS379pLbH8yCkszZ4LbR59O_uw=s48-c-k-c0xffffffff-no-rj-mo","http://www.youtube.com/channel/UCmWFH7doo_MpiMMjDohbWGw","iyaaaa aku tunggu ",0,2019-11-07 15:55:30,2019-11-07 15:55:30,1
"24","Nova Patty","https://yt3.ggpht.com/a/AGF-l7-zjP3qjYiasrdOPUioQ_HB0HW5-xpx5msKFQ=s48-c-k-c0xffffffff-no-rj-mo","http://www.youtube.com/channel/UCTsjoQ5RvVjsMggER_dk1FA","mesti ndak pernah lama durasinya  ",0,2019-11-07 15:19:49,2019-11-07 15:19:49,1
"25","Dessy Astuti","https://yt3.ggpht.com/a/AGF-l79jH4Yt-zI2nWH2PCJZSLojaN2vb5tNaDRWRw=s48-c-k-c0xffffffff-no-rj-mo","http://www.youtube.com/channel/UCHxJRnljXl5snmnLaq4eZHw","waw apa ini ",0,2019-11-07 15:19:07,2019-11-07 15:19:07,1
"26","Susi Lawati","https://yt3.ggpht.com/a/AGF-l79Vr96gtBeZ68gvkWGVmSGDzNf_R5sQ8gwQ4w=s48-c-k-c0xffffffff-no-rj-mo","http://www.youtube.com/channel/UCiq_FM2FU-l0dWUbiwBwNvA","ada rizky kayaknya bikin baper nih ",0,2019-11-07 15:00:48,2019-11-07 15:00:48,1
"27","Melati Dwita Putri","https://yt3.ggpht.com/a/AGF-l7-1ejDat9wC902EBRNWX5qPTgMTz8gW5h8Jww=s48-c-k-c0xffffffff-no-rj-mo","http://www.youtube.com/channel/UCu4e_D9CkRHiD7SaUVBLh1g","ah kesel durasi nya ",0,2019-11-07 13:24:52,2019-11-07 13:24:52,1
"28","zevrymor","https://yt3.ggpht.com/a/AGF-l78LhP2n5CVWDdSfhPYHKBL0PxOqZodjoxpwyg=s48-c-k-c0xffffffff-no-rj-mo","http://www.youtube.com/channel/UCUIfT7D6Fv6QkYQKjKcMoGA","ealaaaahhhh bentar banget kuota gw masih bnyak min cepetan min episode ke 2 nya",0,2019-11-07 12:59:11,2019-11-07 12:59:11,1
"29","Tio Hermawan","https://yt3.ggpht.com/a/AGF-l79RMk4hquGQH0ERTMu_kmUPJr_veSAW8EKOCA=s48-c-k-c0xffffffff-no-rj-mo","http://www.youtube.com/channel/UCOyKKcufyf7uD1Stma87miw","wiiih kereen seneng liat risky melia ceritanya bagus sepertinya",0,2019-11-07 12:50:32,2019-11-07 12:50:32,1
"30","Leetha Šœhartö Põ<U+0259>triê","https://yt3.ggpht.com/a/AGF-l7_fFZOCYKvGmGTDpu87YokfoKWDIQOHjGa21g=s48-c-k-c0xffffffff-no-rj-mo","http://www.youtube.com/channel/UCdeklU-Tv4WzxDjgUfVsqjA","satu setengah menit dan langsung bikin baper duuuuuunk ",1,2019-11-07 12:46:29,2019-11-07 12:46:29,1
"31","Andi Hermawan","https://yt3.ggpht.com/a/AGF-l7-wBl8WZX3MOdznUrIYdXB76L2Y8y87GjqD=s48-c-k-c0xffffffff-no-rj-mo","http://www.youtube.com/channel/UCeIh_Gs2QtOWmf84WPniPfQ","apakah bisa bikin baper lebih dari sore?",2,2019-11-07 12:34:36,2019-11-07 12:34:36,1
"32","Katherin Kheren","https://yt3.ggpht.com/a/AGF-l7_DOi-FzBpr140F-xez4h_1gn9f7HttDx_ljw=s48-c-k-c0xffffffff-no-rj-mo","http://www.youtube.com/channel/UC7JZNJqloX7bzU0rW9q0tRA","satu menit aja sih videonya tapi tlg di upload tiap hari ya min ",0,2019-11-07 12:32:26,2019-11-07 12:32:26,1
"33","Murtini Hendri","https://yt3.ggpht.com/a/AGF-l7_kLbTrzGNv3orIlLK1wv_eZLLfH30i0rXD3A=s48-c-k-c0xffffffff-no-rj-mo","http://www.youtube.com/channel/UCJJxsC4VvT0d5CwuGNvKCIQ","keren nih iklan ada kesayanganku rizky melia",0,2019-11-07 12:31:46,2019-11-07 12:31:46,1
"34","Hari Santoso","https://yt3.ggpht.com/a/AGF-l78bjwYkUwlbRBdXSVKwO2J8GByjF1Tl0G3UVw=s48-c-k-c0xffffffff-no-rj-mo","http://www.youtube.com/channel/UCJ1EaBMtb1KfdTDeGmWsiZQ","amat pendek",0,2019-11-07 12:24:50,2019-11-07 12:24:50,1
"35","Lusi Lus","https://yt3.ggpht.com/a/AGF-l788Ai4YMVb_P1piXzEzvDtyQHvrCTmdvKlIEA=s48-c-k-c0xffffffff-no-rj-mo","http://www.youtube.com/channel/UCAlI859VteElkq0tVYSKcJw","buffering nya 3menit nontonnya sekejap mata ",0,2019-11-07 12:21:18,2019-11-07 12:21:18,1
"36","Rita Lesta","https://yt3.ggpht.com/a/AGF-l79952GLj4XJb2PcLjdqzVP6G5uonEkICfgCCQ=s48-c-k-c0xffffffff-no-rj-mo","http://www.youtube.com/channel/UCTYNlc9NRlBwtyUIz0wyftQ","lamain lahh durasinya masa bentar doang ngeremehin kuota saya banget  ",0,2019-11-07 12:18:23,2019-11-07 12:18:23,1
"37","Hanny Salsabilla","https://yt3.ggpht.com/a/AGF-l79V9t31bjAdRSvolkz2Kr6HxPIisZuCGlQWIA=s48-c-k-c0xffffffff-no-rj-mo","http://www.youtube.com/channel/UCdcBLC1h9HkxTp5Fy_iek_w","cara mengungkapkan bukan cuma mengucapkan u2661 ",0,2019-11-07 12:14:17,2019-11-07 12:14:17,1
"38","stephanus axel","https://yt3.ggpht.com/a/AGF-l79UM_cBM-ZcGYrELWtnpjuOqJ23IIo5lcxTsA=s48-c-k-c0xffffffff-no-rj-mo","http://www.youtube.com/channel/UCbrKcsMvuGY4WKrpzb9kOLg","keren nih  gasabar liat episode episode berikutnya ",1,2019-11-07 12:13:48,2019-11-07 12:13:48,1
"39","SETYA NOVANTOL","https://yt3.ggpht.com/a/AGF-l7879ZZDNBaK1mdW8Q931mJu_dwhEWF8Wxxc6g=s48-c-k-c0xffffffff-no-rj-mo","http://www.youtube.com/channel/UCyBoceFd-VLNCPOwDcosZHg","episode 1 ini mirip web series pada suatu hari yang biasa episode 1 juga",1,2019-11-07 11:45:33,2019-11-07 11:45:33,1
"40","Rully Ananda Putri","https://yt3.ggpht.com/a/AGF-l78h8rniNj6TgvcU2rtVuMB9z_DwHcRaPUtVhA=s48-c-k-c0xffffffff-no-rj-mo","http://www.youtube.com/channel/UCHODQG1rYSOMfZooRyGNmzA","yesssss tropicana slim bikin webseries lagiiiiii",0,2019-11-07 11:36:48,2019-11-07 11:36:48,1
"41","fillyxia aurora","https://yt3.ggpht.com/a/AGF-l79K5aSqiNXKb-hUJrijeJuAbpI6c8RBbsgzOQ=s48-c-k-c0xffffffff-no-rj-mo","http://www.youtube.com/channel/UCXmGmJga0ts48LwCXu-IBSQ","selalu sukaaa",0,2019-11-07 11:22:31,2019-11-07 11:22:31,1
"42","wika say hello","https://yt3.ggpht.com/a/AGF-l7_DUgRa6wkGNIjykmdmtXC1JTviNi3kp6j1pQ=s48-c-k-c0xffffffff-no-rj-mo","http://www.youtube.com/channel/UCJAZgs30BKwZvHly5fGJIeA","ini biblis pacarnya vanesha angel??",0,2019-11-07 11:21:36,2019-11-07 11:21:36,1
"43","Beela Shabeela","https://yt3.ggpht.com/a/AGF-l7_uh3bWaiSn6zbe5MmJUtnRjfEtPoIp9y6yoQ=s48-c-k-c0xffffffff-no-rj-mo","http://www.youtube.com/channel/UC-ebkHEDEEZclSlY_Go6F0w","tropicana slim memang terbaik soal web series ga sabar lanjutannya ",18,2019-11-07 11:17:06,2019-11-07 11:17:06,1
"44","Muhamad Farhan","https://yt3.ggpht.com/a/AGF-l7-soU8NjBFmkZXKwhKmQE0rQh_PHIRB6nn5xw=s48-c-k-c0xffffffff-no-rj-mo","http://www.youtube.com/channel/UCnUshHUMApSPC84JO_O2C2g","rasa itu bahasa hati mengungkapkannya tak melulu mengucapkannya ",8,2019-11-07 11:17:01,2019-11-07 11:17:01,1
"45","Riska Martini","https://yt3.ggpht.com/a/AGF-l78UENynOrPquhj-g1SoeCOa_nOx7VUXmZ9YvA=s48-c-k-c0xffffffff-no-rj-mo","http://www.youtube.com/channel/UCQXnINsWXF-uBA-rqoy0PFQ","yatuhan keren bangett ditunggu episode selanjutnyaa",1,2019-11-07 11:04:33,2019-11-07 11:04:33,1
"46","nadhira tasya","https://yt3.ggpht.com/a/AGF-l79_QXSyyMx2MzZpDOOZ_9mLrPSMGFOU1tAXWw=s48-c-k-c0xffffffff-no-rj-mo","http://www.youtube.com/channel/UC2IrJwSyPa6-EBbJyReDlmg","wah mantapni ada lagi",0,2019-11-07 11:03:03,2019-11-07 11:03:03,1
"47","Yuliagustri anrizaymerta","https://yt3.ggpht.com/a/AGF-l7-TNw78agY2JF6EcE_-fF34_l2MGjtC7hYB=s48-c-k-c0xffffffff-no-rj-mo","http://www.youtube.com/channel/UCyFPtbOiVdEqVDEu--WR59A","teman tuli ",2,2019-11-07 11:02:08,2019-11-07 11:02:08,1
"48","surilestari","https://yt3.ggpht.com/a/AGF-l78X8q3rrl8t6u1Ntf4Saj21r18ehikGuaIbSQ=s48-c-k-c0xffffffff-no-rj-mo","http://www.youtube.com/channel/UChMXFQ574htlg-h90KFnz6g","arghhhh jgn siksa kami dgn durasi pendek gini lagi pleaseeeeee   penantian episode selanjutnya dimulai ",4,2019-11-07 10:57:56,2019-11-07 10:57:56,1
"49","ERVAN FURIYANTO","https://yt3.ggpht.com/a/AGF-l79KLrpdpXvS4WQE5A826TCAV35v7C4mPoJMXQ=s48-c-k-c0xffffffff-no-rj-mo","http://www.youtube.com/channel/UCJRhNWuR2mOuPugsOGUKAPg","addict",0,2019-11-07 10:55:30,2019-11-07 10:55:30,1
"50","Kuncoro Ali","https://yt3.ggpht.com/a/AGF-l7_Gu99Qc4yys8lxebsjTAx5-CsDZCDNejt2HQ=s48-c-k-c0xffffffff-no-rj-mo","http://www.youtube.com/channel/UCzxim-KQ2PPlIE1Khcf8EZA","perlahan tapi nagih ni",1,2019-11-07 10:54:00,2019-11-07 10:54:00,1
"51","sang perindu","https://yt3.ggpht.com/a/AGF-l7_ySU-igpJR3dzJExudPksDsy6fukXt-AdvTg=s48-c-k-c0xffffffff-no-rj-mo","http://www.youtube.com/channel/UCmoMoEiMxELHrXeKPdSPqLg","bentar banget kyak liat story wa  tpi ngena sihh pesannya",7,2019-11-07 10:52:56,2019-11-07 10:52:56,1
"52","A Gonang","https://yt3.ggpht.com/a/AGF-l78gRPYSwSt8JTW0-Jwf2WsLSd0cBMg-xaVTxw=s48-c-k-c0xffffffff-no-rj-mo","http://www.youtube.com/channel/UCoj22zQcSD9HZ5IrsWCn1nQ","singkat tapi ngena",0,2019-11-07 10:50:13,2019-11-07 10:50:13,1
"53","Alvian Ramadana","https://yt3.ggpht.com/a/AGF-l7_grkXMgSTBrVIenW-kWPBtLQzJbLYSIA9Ihg=s48-c-k-c0xffffffff-no-rj-mo","http://www.youtube.com/channel/UCnqt4bm1M0phy1CIoILBiGA","bukan produksi cerita film ya",0,2019-11-07 10:49:04,2019-11-07 10:49:04,1
"54","Dadang Hermawan","https://yt3.ggpht.com/a/AGF-l7-FWkW1dkWKEiPDxmCe_1xRUY29pscdDCqw=s48-c-k-c0xffffffff-no-rj-mo","http://www.youtube.com/channel/UC3a6dQfceHuCRu5SsrskMDA","no 2 comment ",1,2019-11-07 10:47:35,2019-11-07 10:47:35,1
"55","Elda Farah","https://yt3.ggpht.com/a/AGF-l7-zdcSr-5OZuFm16MAkP8LWY9r688VIRKJauA=s48-c-k-c0xffffffff-no-rj-mo","http://www.youtube.com/channel/UCm6I192G3o7Wa0NVzDh-CQg","liat notif web seriesnya mulai auto klik selalu suka sm webseries dari tropicana slim u2665 ufe0f ",1,2019-11-07 10:47:11,2019-11-07 10:47:11,1
"56","raph","https://yt3.ggpht.com/a/AGF-l7-11QLR0b95vDPzcAv0eZgOD5xijjnGa_yHpg=s48-c-k-c0xffffffff-no-rj-mo","http://www.youtube.com/channel/UCVZ7kPA4fQ3vsk-0NeuBZTQ","nani",0,2019-11-07 10:46:46,2019-11-07 10:46:46,1
"57","Pelerion Jaya","https://yt3.ggpht.com/a/AGF-l79FtMWqCTb0gDA_ZbBTBAmhMCx9wjcAGLiFuw=s48-c-k-c0xffffffff-no-rj-mo","http://www.youtube.com/channel/UCtKny-jTagj3XDtzaYs9xoA","sebagus sore kah?",0,2019-11-07 10:46:32,2019-11-07 10:46:32,1
"58","Sunyi Coffee","https://yt3.ggpht.com/a/AGF-l79Wg6bFQWROoyDBRBEIgCTCFYqW_9SGUd140g=s48-c-k-c0xffffffff-no-rj-mo","http://www.youtube.com/channel/UCkqV2x7C5G4-ekywNwwtS_Q","mini series hasil kolaborasi dengan tropicanaslim dengan aktor asli tuli dan kerjasama komunitas seni fantasi tuli sunyi hadir sebagai tempat pertemuan 2 dunia yg sebelumnya tidak terbayang dapat bertemu  sunyi ingin terus berkembang untuk dapat memperkenalkan dunia disabilitas sebagai dunia yg mengagumkan dan penuh kejutan oleh karena itu setiap like pada video ceritasunyi di youtube akan dikonversikan menjadi rp 500 untuk pengembangan sunyi house of coffee and hope dalam membantu memperluas kesempatan teman - teman disabilitas untuk berkreasi dan berekspresi melalui kopi  ayo kita menjadi duta dunia yg menakjubkan ini dengan like dan share kepada rekan - rekan kalian semua karena setiap dukungan pasti sangat berarti  tropicanaslim ceritasunyi sahabatsunyi",10,2019-11-09 07:59:03,2019-11-09 07:59:03,2
"59","Putri Ariyani","https://yt3.ggpht.com/a/AGF-l7_N_65Gzoa7ZQVLi6Thz36ft_dftoBVUK6eLA=s48-c-k-c0xffffffff-no-rj-mo","http://www.youtube.com/channel/UCfvkEzegc0qk3Hv0v3ePRzA","kelanjutannnya manaaaaa",0,2019-11-29 08:33:47,2019-11-29 08:33:47,2
"60","Emil Dadak","https://yt3.ggpht.com/a/AGF-l79hQgCp9QDiAQJywCxsaHZVjkr-zaz_6YUxjQ=s48-c-k-c0xffffffff-no-rj-mo","http://www.youtube.com/channel/UCHD_a_pKm6DGoF8WNLt0_Sg","nice",0,2019-11-14 06:19:35,2019-11-14 06:19:35,2
"61","Michelle Naomi","https://yt3.ggpht.com/a/AGF-l79Zw56707ibT1HHIBnW2YydEaIrRSmINsvQwQ=s48-c-k-c0xffffffff-no-rj-mo","http://www.youtube.com/channel/UCXYeK8UYC2wBE8qDeELQqjA","kenapa sih durasinya ",0,2019-11-10 15:28:22,2019-11-10 15:28:22,2
"62","Bernard Sibarani","https://yt3.ggpht.com/a/AGF-l793Ud_9dRi6okn5_NpbeBr5KGWB4AP1x9I_PQ=s48-c-k-c0xffffffff-no-rj-mo","http://www.youtube.com/channel/UCUZRDeZ0uOsQsjHsk5T6E2Q","nice jadi pgn belajar isyarat",0,2019-11-10 14:05:36,2019-11-10 14:05:36,2
"63","YOU OK","https://yt3.ggpht.com/a/AGF-l78aeUCJjkRZphQ3gVM-2HiI4SDISfbqSLFsUg=s48-c-k-c0xffffffff-no-rj-mo","http://www.youtube.com/channel/UC6_XhPaUcGsxyh9ooPDVBmw","mohon di lihat baik kalo mau shert atau down load nih vidio jangan sampe kena tombol dist like",0,2019-11-10 01:25:01,2019-11-10 01:25:01,2
"64","Bianca Munaf","https://yt3.ggpht.com/a/AGF-l79t5-wFi6k1npRvieV-zPgH4jm9ZovfZDhrcg=s48-c-k-c0xffffffff-no-rj-mo","http://www.youtube.com/channel/UC3PIA886VfcBgXnMWdgT6yw","dear tropicana yang begini begini yang perlu disebarin ke banyak generasi plis dipromote lebih kuat lagi and kudos to sunyi  - ttd dari org yang belum berhenti menangis",0,2019-11-09 03:40:24,2019-11-09 03:40:24,2
"65","Geraldi Giovanda","https://yt3.ggpht.com/a/AGF-l79lZvKebajHBBxX_vn3FsJXORz5QgEGCUG47w=s48-c-k-c0xffffffff-no-rj-mo","http://www.youtube.com/channel/UCwMIsQO0YnzXpNW-CwMEEwg","dear netizen pls bantu share yang begini begini",0,2019-11-08 17:56:32,2019-11-08 17:56:32,2
"66","Ferlando Widjaya","https://yt3.ggpht.com/a/AGF-l7_DXO4Bdua3Ed-diAZyW6cFOH1EjlLnxOKl=s48-c-k-c0xffffffff-no-rj-mo","http://www.youtube.com/channel/UCQKlfUu8MGinF4q5VPfSAwA","merinding gua good job tropicana",0,2019-11-08 17:42:43,2019-11-08 17:42:43,2
"67","Alvinia Fadhillah","https://yt3.ggpht.com/a/AGF-l78egC9oE5JD7Q5JeQ1bwF3IYpzejhIfwSC77w=s48-c-k-c0xffffffff-no-rj-mo","http://www.youtube.com/channel/UC_3Ops2EQFq1-z4zZCY4_kg","tropicana ada ngeluarin web series lagi aja udh seneng bgtt kok gapapa mau berapa menit aja hehehe",0,2019-11-08 14:52:23,2019-11-08 14:52:23,2
"68","nur widyastuti","https://yt3.ggpht.com/a/AGF-l7-XsWys9HnJ96XmRJYxegmhCNvsh3iCdfVSXQ=s48-c-k-c0xffffffff-no-rj-mo","http://www.youtube.com/channel/UCCV9rz-fBtr3xTFZ_NnNinA","keren mba iik",0,2019-11-08 14:22:08,2019-11-08 14:22:08,2
"69","Nadira D. Sitepu","https://yt3.ggpht.com/a/AGF-l7_jontZkCAQASMqHmFqRHFN8SmQb4_wPDEt3g=s48-c-k-c0xffffffff-no-rj-mo","http://www.youtube.com/channel/UCP_59VR-5ECpr1sAuGXtZNA","gemes banget sama durasinya yaallah  ",4,2019-11-08 11:41:35,2019-11-08 11:41:35,2
"70","Rahmatika Hilwania","https://yt3.ggpht.com/a/AGF-l78rqmn2MIxmnt9MutG1Xrj1ygIrb4RjbvE0IA=s48-c-k-c0xffffffff-no-rj-mo","http://www.youtube.com/channel/UCDeMJONsLVi9O_kYdK9Gg4w","please di perbanyak menitnyaa",0,2019-11-08 11:05:47,2019-11-08 11:05:47,2
"71","danirust","https://yt3.ggpht.com/a/AGF-l78utkGGN1iz9EZ9FFoVyZk_2VbD7IZp4QMAuA=s48-c-k-c0xffffffff-no-rj-mo","http://www.youtube.com/channel/UCa7ZMAbWVzeXfS1-9HZJnsA","kayanya post tiap hari ni klau durasinya cuma 1menitan",0,2019-11-08 09:36:51,2019-11-08 09:36:51,2
"72","Anisa K. Putri","https://yt3.ggpht.com/a/AGF-l7_eOWp5qBFRDPGIE5OG-1w_ne3ScZkHuO_mfA=s48-c-k-c0xffffffff-no-rj-mo","http://www.youtube.com/channel/UCnmGa_PvQB3-SNdLCMy84dQ","ini lucu banget si konsepnya satu menit ",0,2019-11-08 09:19:58,2019-11-08 09:19:58,2
"73","Dedy Joon","https://yt3.ggpht.com/a/AGF-l7-1rHfYLJxvyyEqOdqPhrjcGR8YKr7TRzfpTQ=s48-c-k-c0xffffffff-no-rj-mo","http://www.youtube.com/channel/UCkSIwPKeACA0DfKjQ5cZtvw","1 menit 1 like bentuk donasi untuk persembahan yg luar biasa terimakasih tropicana slim ",1,2019-11-08 08:07:13,2019-11-08 08:07:13,2
"74","Caya Karlita","https://yt3.ggpht.com/a/AGF-l7-A6f2QSxDR1KfDwtZla6QzoxBf5tx9Q2PPVA=s48-c-k-c0xffffffff-no-rj-mo","http://www.youtube.com/channel/UCvIjMmhRboTp_NKFe3UVgqw","yaallaah semenit doaanggg ",0,2019-11-08 07:32:58,2019-11-08 07:32:58,2
"75","Murtini Hendri","https://yt3.ggpht.com/a/AGF-l7_kLbTrzGNv3orIlLK1wv_eZLLfH30i0rXD3A=s48-c-k-c0xffffffff-no-rj-mo","http://www.youtube.com/channel/UCJJxsC4VvT0d5CwuGNvKCIQ","keren bgt tp durasinya kok dikit bgt ya  salut buat rizky melia yg belajar bhs isyarat  ",0,2019-11-08 07:14:33,2019-11-08 07:14:33,2
"76","Syalala Dubidu","https://yt3.ggpht.com/a/AGF-l7_W6RP8XBMbMPLcOBZlRglVs4Gw1T4xP0MeDw=s48-c-k-c0xffffffff-no-rj-mo","http://www.youtube.com/channel/UCyffVjtzB0hFWhvR5CIUhCw","alasan durasi pendek? coba baca deskripsi deh",1,2019-11-08 06:36:48,2019-11-08 06:36:48,2
"77","Tio Hermawan","https://yt3.ggpht.com/a/AGF-l79RMk4hquGQH0ERTMu_kmUPJr_veSAW8EKOCA=s48-c-k-c0xffffffff-no-rj-mo","http://www.youtube.com/channel/UCOyKKcufyf7uD1Stma87miw","bikin baper ",0,2019-11-08 06:09:14,2019-11-08 06:09:14,2
"78","Dhani Irfan","https://yt3.ggpht.com/a/AGF-l7-xQ7LS9E4poSF1OS1TW8VH2YzWrinUQyDLWA=s48-c-k-c0xffffffff-no-rj-mo","http://www.youtube.com/channel/UC3Ub8yrXtbgC4LcKgLwwTWg","cepet amat kyk ejakulasi dini",1,2019-11-08 06:06:02,2019-11-08 06:06:02,2
"79","Hazazi Ridho","https://yt3.ggpht.com/a/AGF-l7-bScbNhXhhsCpTCf0IHTYZaN8C0qZ1MjBH-g=s48-c-k-c0xffffffff-no-rj-mo","http://www.youtube.com/channel/UCjgwUcZQqyYhP7IKRSG-ACA","ya allahh kayak lihat story instagram bentarrr bangetttt",0,2019-11-08 05:49:15,2019-11-08 05:49:15,2
"80","ERVAN FURIYANTO","https://yt3.ggpht.com/a/AGF-l79KLrpdpXvS4WQE5A826TCAV35v7C4mPoJMXQ=s48-c-k-c0xffffffff-no-rj-mo","http://www.youtube.com/channel/UCJRhNWuR2mOuPugsOGUKAPg","   belum sempat kedip",0,2019-11-08 05:49:01,2019-11-08 05:49:01,2
"81","Susi Lawati","https://yt3.ggpht.com/a/AGF-l79Vr96gtBeZ68gvkWGVmSGDzNf_R5sQ8gwQ4w=s48-c-k-c0xffffffff-no-rj-mo","http://www.youtube.com/channel/UCiq_FM2FU-l0dWUbiwBwNvA","keren salut buat rizky yg belajar keras utk bisa bahasa isyarat dan hasilnya keren gini ",1,2019-11-08 05:34:32,2019-11-08 05:34:32,2
"82","FIKY ARDIANS","https://yt3.ggpht.com/a/AGF-l7__s5GiqiCL9sjUvxOtMw8TGQHUTextGkEwwg=s48-c-k-c0xffffffff-no-rj-mo","http://www.youtube.com/channel/UC9R6pa2yr0vYdAYd7W476dg","durasinya gemesh",0,2019-11-08 05:33:13,2019-11-08 05:33:13,2
"83","zevrymor","https://yt3.ggpht.com/a/AGF-l78LhP2n5CVWDdSfhPYHKBL0PxOqZodjoxpwyg=s48-c-k-c0xffffffff-no-rj-mo","http://www.youtube.com/channel/UCUIfT7D6Fv6QkYQKjKcMoGA","gemes bgt lah sama durasinyaaaaaaaaaaaaaaaa",0,2019-11-08 05:29:36,2019-11-08 05:29:36,2
"84","killcat sweet","https://yt3.ggpht.com/a/AGF-l78O2CM4xxZCgNOoAQv1zt5acebJfac5cF_Q0g=s48-c-k-c0xffffffff-no-rj-mo","http://www.youtube.com/channel/UCpOX6qJJ0qCuk4GGXBfYc7Q","the best ",1,2019-11-08 05:28:38,2019-11-08 05:28:38,2
"85","SETYA NOVANTOL","https://yt3.ggpht.com/a/AGF-l7879ZZDNBaK1mdW8Q931mJu_dwhEWF8Wxxc6g=s48-c-k-c0xffffffff-no-rj-mo","http://www.youtube.com/channel/UCyBoceFd-VLNCPOwDcosZHg","pengen tau alasan tropicana slim buat per eps 1 menit gitu  kenapaaaaa ?  mohon alasannya  papa ingin tau ",17,2019-11-08 05:26:42,2019-11-08 05:26:42,2
"86","Fajar Aji Safaat","https://yt3.ggpht.com/a/AGF-l79VX3kzydt9klN6f_KIW_kfKPwpPDKpfaj_RQ=s48-c-k-c0xffffffff-no-rj-mo","http://www.youtube.com/channel/UCD11myjp3szNIw26WuVHXIQ","durasinya jahat banget sih ngeledek ya? wifi tetangga masih aktif kok min mau nonton durasi panjang pun sanggup ",10,2019-11-08 05:14:38,2019-11-08 05:14:38,2
"87","Asteriasti Putri","https://yt3.ggpht.com/a/AGF-l79S9yEQEjTZT5fnlLnd3cLP8oZy5EZoR-YQUg=s48-c-k-c0xffffffff-no-rj-mo","http://www.youtube.com/channel/UCnEjfKwsu8IE3ujbVU6IYHg","yaampun dari sekian banyak web series kayaknya ini bikin merinding menurutku waktunya pas karena dari semenit itu aku bisa gampang belajar bahasa isyarat thank you tropicana slim",7,2019-11-08 05:14:27,2019-11-08 05:14:27,2
"88","Mahadear","https://yt3.ggpht.com/a/AGF-l7-thxLyTJuaFkfFXBc_U9YbH25TnYfxk9SOig=s48-c-k-c0xffffffff-no-rj-mo","http://www.youtube.com/channel/UCjOoSMaJi2l9F68fgf8cwOg","please dehh durasinyaa jangan ragukan kuota internet kamiiii",0,2019-11-08 05:12:27,2019-11-08 05:12:27,2
"89","Nisa Khoirunn","https://yt3.ggpht.com/a/AGF-l7_MD32uPy_PJu09S5s7WWEUgGHCTjg01vD6Lw=s48-c-k-c0xffffffff-no-rj-mo","http://www.youtube.com/channel/UCvh61pBAONDtrUf0micoZHg","semenit???? ",1,2019-11-08 05:12:14,2019-11-08 05:12:14,2
"90","Asdar Hamzah","https://yt3.ggpht.com/a/AGF-l7_Ftz-ptEcSy9B0gVPH19ZMvCkyYLuw79CCBw=s48-c-k-c0xffffffff-no-rj-mo","http://www.youtube.com/channel/UCbD6CJB1GVryVPMtCFE9xdA","rasa kerap hadir tak terduga ",0,2019-11-08 05:04:48,2019-11-08 05:04:48,2
"91","zianka ziljihan","https://yt3.ggpht.com/a/AGF-l78dBJRjJPHYU0BtzdadM5DqbiI9OIMzw1QEvg=s48-c-k-c0xffffffff-no-rj-mo","http://www.youtube.com/channel/UC5rQwI_h0JbxtjhKg44-s-Q","lucuuuu ishh suka sumpahh dr dulu bikin web series ga penah la durasinyaa",0,2019-11-08 04:47:23,2019-11-08 04:47:23,2
"92","Syerli Syerlimomba","https://yt3.ggpht.com/a/AGF-l78khegrBGfX_baAzettWycbe7MLWlXrLqeQEg=s48-c-k-c0xffffffff-no-rj-mo","http://www.youtube.com/channel/UC5WFL3-WFdJAXGuHlzyK2uw","tes",0,2019-11-08 04:45:34,2019-11-08 04:45:34,2
"93","Bella Pardian N Allifiah","https://yt3.ggpht.com/a/AGF-l79t3t4IyRNWGAD8PAv8EyXzi4UTLAx9_StICg=s48-c-k-c0xffffffff-no-rj-mo","http://www.youtube.com/channel/UCQ8eraKDljEfDd6fz1IKiXg","ganteengg",0,2019-11-08 04:40:14,2019-11-08 04:40:14,2
"94","Galuh Qori'ah","https://yt3.ggpht.com/a/AGF-l7-mfR_Xuk0myV0rSjiyvBpV3tL3rBOp78lDcw=s48-c-k-c0xffffffff-no-rj-mo","http://www.youtube.com/channel/UCtRmuSWaM76CtQkBF_n44bg","semenit ",0,2019-11-08 04:39:36,2019-11-08 04:39:36,2
"95","Mika Devirzha","https://yt3.ggpht.com/a/AGF-l79N_uVhVtkP8WHm9RvNE7XneUv2ptEscPfXvw=s48-c-k-c0xffffffff-no-rj-mo","http://www.youtube.com/channel/UCRpho5ZLt12DcurZGeKGoZQ","buat web series nya niatan dikit lah   ",0,2019-11-08 04:35:41,2019-11-08 04:35:41,2
"96","Naifa Tasya","https://yt3.ggpht.com/a/AGF-l7-9LZmtpJVE3fi5a_3tHA-fHgpgFxKMz2aSJQ=s48-c-k-c0xffffffff-no-rj-mo","http://www.youtube.com/channel/UCeYc_2667Im1h53I0EVC8Ng","kenapa gak 10 menitann aja  1 menit bener bener kek iklan doangg gak berasa",0,2019-11-08 04:33:45,2019-11-08 04:33:45,2
"97","Ainah njenar","https://yt3.ggpht.com/a/AGF-l79dN2rvCqRUYv-5nfwsPDg7bTvoNgfidamVoA=s48-c-k-c0xffffffff-no-rj-mo","http://www.youtube.com/channel/UC1F9Bq43eojaDEbtD_uS1PA","ini apaan sh ko sekilas ky iklan aj ",0,2019-11-08 04:31:29,2019-11-08 04:31:29,2
"98","Prasetyo Wicaksono","https://yt3.ggpht.com/a/AGF-l7_9VcsFzYmCdjhxX8thFmL47-Pwq43UEYzDTg=s48-c-k-c0xffffffff-no-rj-mo","http://www.youtube.com/channel/UC2uJ8Kt_KH2PN6shwaPgL4A","sebentar banget ya ??",0,2019-11-08 04:31:10,2019-11-08 04:31:10,2
"99","Naufal Islah","https://yt3.ggpht.com/a/AGF-l791p2HB8QHoOrgJh6iAU3exhfg-K44lU4pbIQ=s48-c-k-c0xffffffff-no-rj-mo","http://www.youtube.com/channel/UCT3b71ttnDLcv6l5pKYEjNQ","langsung nonton dong",1,2019-11-08 04:30:53,2019-11-08 04:30:53,2
"100","Sunyi Coffee","https://yt3.ggpht.com/a/AGF-l79Wg6bFQWROoyDBRBEIgCTCFYqW_9SGUd140g=s48-c-k-c0xffffffff-no-rj-mo","http://www.youtube.com/channel/UCkqV2x7C5G4-ekywNwwtS_Q","mini series hasil kolaborasi dengan tropicanaslim dengan aktor asli tuli dan kerjasama komunitas seni fantasi tuli sunyi hadir sebagai tempat pertemuan 2 dunia yg sebelumnya tidak terbayang dapat bertemu  sunyi ingin terus berkembang untuk dapat memperkenalkan dunia disabilitas sebagai dunia yg mengagumkan dan penuh kejutan oleh karena itu setiap like pada video ceritasunyi di youtube akan dikonversikan menjadi rp 500 untuk pengembangan sunyi house of coffee and hope dalam membantu memperluas kesempatan teman - teman disabilitas untuk berkreasi dan berekspresi melalui kopi  ayo kita menjadi duta dunia yg menakjubkan ini dengan like dan share kepada rekan - rekan kalian semua karena setiap dukungan pasti sangat berarti  tropicanaslim ceritasunyi sahabatsunyi",29,2019-11-09 07:57:20,2019-11-09 07:57:20,3
"101","december D","https://yt3.ggpht.com/a/AGF-l781CsVm9f0dXitFEz_3gk17cKmF4SZkjnnWVA=s48-c-k-c0xffffffff-no-rj-mo","http://www.youtube.com/channel/UCiupdDVNgnu16BR747Ajskw"," ko kosong astagfirullahaladzim kerja lembur bagai kuda wkwkwk",0,2019-11-26 13:57:29,2019-11-26 13:57:29,3
"102","Adinda Prameswari","https://yt3.ggpht.com/a/AGF-l78QjONK6rqCBZZA5f58wUUajAHldwv4dbec1Q=s48-c-k-c0xffffffff-no-rj-mo","http://www.youtube.com/channel/UCtNhBN7nM362n41cK4ShNWw","ada yang tau judul lagunya?",0,2019-11-24 12:26:24,2019-11-24 12:26:24,3
"103","Idham Maulana Irhami","https://yt3.ggpht.com/a/AGF-l7-0u_4P5bIVWbMQboxo8mG4uJzOCbZopns6BQ=s48-c-k-c0xffffffff-no-rj-mo","http://www.youtube.com/channel/UCiTOEQ2HUjKFK4TuyVVmWPw","ini kenapa gabisa diplay sih",0,2019-11-18 18:59:33,2019-11-18 18:59:33,3
"104","Afla Amira","https://yt3.ggpht.com/a/AGF-l7-FLghYlI7G2tD9KFuHMUHxC_TrRdSdQZKg0g=s48-c-k-c0xffffffff-no-rj-mo","http://www.youtube.com/channel/UCvPj7l8r8dNDMpTU9f46hdg","guru pendidikan luar biasa lg dibutuhin bnyk ayokk masuk plb",0,2019-11-17 16:29:01,2019-11-17 16:29:01,3
"105","Fira Yunanda","https://yt3.ggpht.com/a/AGF-l78iwj25HWdnLzZzJaS8JFU4hF1IagXDa17Mnw=s48-c-k-c0xffffffff-no-rj-mo","http://www.youtube.com/channel/UCCtCU-DBKpnDjm7cJNEtjUw"," u2764 u2764 u2764 u2764 u2764 ",0,2019-11-14 19:47:56,2019-11-14 19:47:56,3
"106","Vivi B","https://yt3.ggpht.com/a/AGF-l7_Dw-y0xwTSkWMGB1G6wIDwa1laWGPDJA6uvQ=s48-c-k-c0xffffffff-no-rj-mo","http://www.youtube.com/channel/UCz32Iq7gCWZbRlNrk3oOLZQ","durasinya bentar banget saran untuk teksnya jangan warna putih kalo pas latarnya warna cerah biar lebih mudah terbaca",1,2019-11-12 04:51:05,2019-11-12 04:51:05,3
"107","Naufal Fadhil","https://yt3.ggpht.com/a/AGF-l79KxpXKkA3l5UHGrPMIn5ylQlnKut9Y8VlAFw=s48-c-k-c0xffffffff-no-rj-mo","http://www.youtube.com/channel/UCu_lx1X5ly6xE_AsWaUkGGg","ini lagunyaaa apa woeeeeee",0,2019-11-12 02:02:00,2019-11-12 02:02:00,3
"108","Annisa Rosmalia","https://yt3.ggpht.com/a/AGF-l7_u6nwrcIH4VuVmIthzjks1-os_7KFgcAWC5w=s48-c-k-c0xffffffff-no-rj-mo","http://www.youtube.com/channel/UCfpZnvpskgV0m08z1CV0PMQ","puisi dan lagu yang indah ",0,2019-11-11 15:27:01,2019-11-11 15:27:01,3
"109","Irene Gracesiana","https://yt3.ggpht.com/a/AGF-l79eJJ8zqQ9XJhgHsFnpkClrxh--gZ92MA49XA=s48-c-k-c0xffffffff-no-rj-mo","http://www.youtube.com/channel/UC-KZJbd-isi0OnPR4ldao1g","kata-katanya bagus banget terharu dan amazed at the same time ",0,2019-11-11 02:50:15,2019-11-11 02:50:15,3
"110","Bella Pardian N Allifiah","https://yt3.ggpht.com/a/AGF-l79t3t4IyRNWGAD8PAv8EyXzi4UTLAx9_StICg=s48-c-k-c0xffffffff-no-rj-mo","http://www.youtube.com/channel/UCQ8eraKDljEfDd6fz1IKiXg","cuma 2 menit? anda meragukan hotspot emak saya?",4,2019-11-10 23:52:22,2019-11-10 23:52:22,3
"111","Syahalam Racing","https://yt3.ggpht.com/a/AGF-l78U6D4wVVzRIu1CqAsEZwc72DevYkmJnYEjwQ=s48-c-k-c0xffffffff-no-rj-mo","http://www.youtube.com/channel/UCA7z0vcqq51O9xp0VI1s7BA","sayang banket sama teman teman sunyi",0,2019-11-10 14:41:09,2019-11-10 14:41:09,3
"112","Irfan Parikesit","https://yt3.ggpht.com/a/AGF-l7-ZScpC4rsj27sFa625Vr5xVouf9ShoNdhUYA=s48-c-k-c0xffffffff-no-rj-mo","http://www.youtube.com/channel/UCj5MdRLgrW_0DollKMLzCSg","numpang baper gan",0,2019-11-10 14:34:24,2019-11-10 14:34:24,3
"113","Marcella Soenggono","https://yt3.ggpht.com/a/AGF-l79AW5Bdxz92Vc8G9nn37RPg56gdCe-OCzwPYQ=s48-c-k-c0xffffffff-no-rj-mo","http://www.youtube.com/channel/UC1pH7RkAaUW1gU9a7r55MOw","bagus sekali ceritanya  ketika sepi kadang kita menemukan diri sendiri ",1,2019-11-10 14:21:15,2019-11-10 14:21:15,3
"114","Rachael Abigail Saveria","https://yt3.ggpht.com/a/AGF-l7--L4vTjFTbrTfef1URDp_Cd5q5dRFlh3ZHjQ=s48-c-k-c0xffffffff-no-rj-mo","http://www.youtube.com/channel/UCqvowGswJEOXfFv3Bkt4XeA","lagunya bagus bangeeeeet u2665 ufe0f ",0,2019-11-10 14:19:37,2019-11-10 14:19:37,3
"115","Bernard Sibarani","https://yt3.ggpht.com/a/AGF-l793Ud_9dRi6okn5_NpbeBr5KGWB4AP1x9I_PQ=s48-c-k-c0xffffffff-no-rj-mo","http://www.youtube.com/channel/UCUZRDeZ0uOsQsjHsk5T6E2Q","jleb",0,2019-11-10 14:06:52,2019-11-10 14:06:52,3
"116","Farell S","https://yt3.ggpht.com/a/AGF-l7-PtYsMizHSHJY6Do56G16HSzc7jyvjwQ6zPw=s48-c-k-c0xffffffff-no-rj-mo","http://www.youtube.com/channel/UClB9i5-MOrr4jWP_UKWikXQ","monggo di like bantu bantu org gampang",0,2019-11-10 12:37:39,2019-11-10 12:37:39,3
"117","ilaaalll","https://yt3.ggpht.com/a/AGF-l7-T5nwZEdEQFGk34xr_12Smp1auC5MbP-j9-A=s48-c-k-c0xffffffff-no-rj-mo","http://www.youtube.com/channel/UCJtTH--EaNAv3ScWv_BV6Cw"," ko kosong? aku bukan membaca buku tapi aku mencoba melihat mimpi2 mu   ",15,2019-11-10 08:03:50,2019-11-10 08:03:50,3
"118","Budiono Widayat","https://yt3.ggpht.com/a/AGF-l7830yRj7R5LoL1xlqfhGywbNE98Ll8ebXOQHA=s48-c-k-c0xffffffff-no-rj-mo","http://www.youtube.com/channel/UCGZNLHrGTwCtKyTVXn5BHFQ","kerennn",0,2019-11-10 03:36:16,2019-11-10 03:36:16,3
"119","Pradana AJI","https://yt3.ggpht.com/a/AGF-l7--NjzJjJad8ZcdoNEL5YUFL56SYl2WDGy0bA=s48-c-k-c0xffffffff-no-rj-mo","http://www.youtube.com/channel/UCBw1p6YieoVURlBDecsgDsw","speechless this is art and both of you sunyi tropicana are amazing ",0,2019-11-09 16:37:18,2019-11-09 16:37:18,3
"120","Agi Htg","https://yt3.ggpht.com/a/AGF-l78i68bbHR0pqP_N3MAdP6bEL5RcyPBtkFvzeQ=s48-c-k-c0xffffffff-no-rj-mo","http://www.youtube.com/channel/UCAxHiQcBqrZi47b6g9soMQg"," di dalam sunyi aku mengagumimu indah sekali",0,2019-11-09 15:54:47,2019-11-09 15:54:47,3
"121","nur widyastuti","https://yt3.ggpht.com/a/AGF-l7-XsWys9HnJ96XmRJYxegmhCNvsh3iCdfVSXQ=s48-c-k-c0xffffffff-no-rj-mo","http://www.youtube.com/channel/UCCV9rz-fBtr3xTFZ_NnNinA","suka tiap episode",0,2019-11-09 14:44:23,2019-11-09 14:44:23,3
"122","louise elfrida","https://yt3.ggpht.com/a/AGF-l78l9fhoRyhjD2YdJqm2P2Cluk62iyaOMHeYSg=s48-c-k-c0xffffffff-no-rj-mo","http://www.youtube.com/channel/UCgVy7w0sVY9XKu8TyDPFJfw"," ketika sepi kadang kita menemukan diri sendiri  u2665 ufe0f ",12,2019-11-09 14:41:53,2019-11-09 14:41:53,3
"123","Vera Dinda Wijayanti","https://yt3.ggpht.com/a/AGF-l7_jbatkfrQfOtVfEznkvfvNd_R4bATT4pLI9Q=s48-c-k-c0xffffffff-no-rj-mo","http://www.youtube.com/channel/UCfT9u5bdoYzSktZdSZEDiNg","webseries dari tropicana slim kali ini tiap episode nya kenapa bikin merinding bikin ingin jadi teman tuli juga dan main ke sunyi coffe ",0,2019-11-09 13:38:21,2019-11-09 13:38:21,3
"124","Yogi Affrian","https://yt3.ggpht.com/a/AGF-l7_oA3Ucjq4tT7Om8KD43NdBf5NfXz1jgL3Pwg=s48-c-k-c0xffffffff-no-rj-mo","http://www.youtube.com/channel/UCRw8lc3HyHuaZR6RwBZ1LCg","1 38 ga usah diaduk biar kerasa lebih maniss",0,2019-11-09 10:00:39,2019-11-09 10:00:39,3
"125","mega mega","https://yt3.ggpht.com/a/AGF-l79Q_oUy19-xkQ81-QB8BsDp0HP0AxwpsnPocQ=s48-c-k-c0xffffffff-no-rj-mo","http://www.youtube.com/channel/UCYMdRxGDqKPGbWgiVpXVxMg","tidak banyak company besar yang berani dan mau mengangkat nilai nilai sosial seperti ini salut kepada tropicana slim semoga kesadaran masyarakat terhadap teman tuli semakin besar",18,2019-11-09 09:18:59,2019-11-09 09:18:59,3
"126","nadhira tasya","https://yt3.ggpht.com/a/AGF-l79_QXSyyMx2MzZpDOOZ_9mLrPSMGFOU1tAXWw=s48-c-k-c0xffffffff-no-rj-mo","http://www.youtube.com/channel/UC2IrJwSyPa6-EBbJyReDlmg","mari kita galakkan membeli produk2 tropicana slim sebanyak2nya agar supaya series2 kayak gini ada terus",0,2019-11-09 08:34:09,2019-11-09 08:34:09,3
"127","Jessica Budhyani","https://yt3.ggpht.com/a/AGF-l7-xz4IlBQu_gGgufSOlYMokJYgR4CBfSqdDSg=s48-c-k-c0xffffffff-no-rj-mo","http://www.youtube.com/channel/UC8VGkx7GNIHNP9CSUW_acTQ","merinding lah nontonnyaa suka bangett",0,2019-11-09 07:54:14,2019-11-09 07:54:14,3
"128","Mojito Boss","https://yt3.ggpht.com/a/AGF-l7_vY0ZHBeKVcVGQKM4ARUE3iqtxDSYVqWeo2g=s48-c-k-c0xffffffff-no-rj-mo","http://www.youtube.com/channel/UC2hzM1CfMrP6poUmgRbi1CA","aktornya ganteng uga salahfokus",0,2019-11-09 07:51:25,2019-11-09 07:51:25,3
"129","Ferlando Widjaya","https://yt3.ggpht.com/a/AGF-l7_DXO4Bdua3Ed-diAZyW6cFOH1EjlLnxOKl=s48-c-k-c0xffffffff-no-rj-mo","http://www.youtube.com/channel/UCQKlfUu8MGinF4q5VPfSAwA","soundtrack nya cucok dinyanyiin sm payung teduh",0,2019-11-09 07:48:07,2019-11-09 07:48:07,3
"130","Bianca Munaf","https://yt3.ggpht.com/a/AGF-l79t5-wFi6k1npRvieV-zPgH4jm9ZovfZDhrcg=s48-c-k-c0xffffffff-no-rj-mo","http://www.youtube.com/channel/UC3PIA886VfcBgXnMWdgT6yw","ini satu menit tp lebih dalem dr sore lanjutin dong minn",0,2019-11-09 07:45:42,2019-11-09 07:45:42,3
"131","Tio Hermawan","https://yt3.ggpht.com/a/AGF-l79RMk4hquGQH0ERTMu_kmUPJr_veSAW8EKOCA=s48-c-k-c0xffffffff-no-rj-mo","http://www.youtube.com/channel/UCOyKKcufyf7uD1Stma87miw","sukses risky melia kereen banget ",0,2019-11-09 07:19:24,2019-11-09 07:19:24,3
"132","fillyxia aurora","https://yt3.ggpht.com/a/AGF-l79K5aSqiNXKb-hUJrijeJuAbpI6c8RBbsgzOQ=s48-c-k-c0xffffffff-no-rj-mo","http://www.youtube.com/channel/UCXmGmJga0ts48LwCXu-IBSQ","manisss ",0,2019-11-09 07:09:35,2019-11-09 07:09:35,3
"133","MindStream Institute","https://yt3.ggpht.com/a/AGF-l7-l4qr8yJbx_BR4vzdnJjv0VxPbLI_v1r8wBg=s48-c-k-c0xffffffff-no-rj-mo","http://www.youtube.com/channel/UCSMJgPE4YeNS9bUlQ4HPYZQ","gila ini bikin gua mewek banget  thanks tropicana slim ",0,2019-11-09 06:54:31,2019-11-09 06:54:31,3
"134","Mirmas 99","https://yt3.ggpht.com/a/AGF-l7-NV11lmSBmV-xtYBKGDnHLLYV27CyPd0ji5w=s48-c-k-c0xffffffff-no-rj-mo","http://www.youtube.com/channel/UCp5BQ6Cn5ThUmJocG2qwHQA","iik luwes banget bahasa isyaratnya kayak menari ",0,2019-11-09 06:38:05,2019-11-09 06:38:05,3
"135","A. Mardhatillah","https://yt3.ggpht.com/a/AGF-l78o21LB0HZB2_w4yqL8BmhFrTA0oACDIySHig=s48-c-k-c0xffffffff-no-rj-mo","http://www.youtube.com/channel/UChtYITLU6nOxVdS4A60BCzw","ah cinta banget sama short movie nya tropicana slim ",0,2019-11-09 06:34:13,2019-11-09 06:34:13,3
"136","Susi Lawati","https://yt3.ggpht.com/a/AGF-l79Vr96gtBeZ68gvkWGVmSGDzNf_R5sQ8gwQ4w=s48-c-k-c0xffffffff-no-rj-mo","http://www.youtube.com/channel/UCiq_FM2FU-l0dWUbiwBwNvA","suka rizky cantik ",0,2019-11-09 06:28:56,2019-11-09 06:28:56,3
"137","Susi Lawati","https://yt3.ggpht.com/a/AGF-l79Vr96gtBeZ68gvkWGVmSGDzNf_R5sQ8gwQ4w=s48-c-k-c0xffffffff-no-rj-mo","http://www.youtube.com/channel/UCiq_FM2FU-l0dWUbiwBwNvA","keren good job rizky utk belajar bahasa isyarat hasilnya keren banget ",0,2019-11-09 06:25:39,2019-11-09 06:25:39,3
"138","Sachi Paramitha","https://yt3.ggpht.com/a/AGF-l7_pa4CH_mqtrMeb4r7lCt1estiNMX3r29B7Nw=s48-c-k-c0xffffffff-no-rj-mo","http://www.youtube.com/channel/UC6brCo8TQCsfzCU4X2yGimg","nangis tanggung jawab pls bikin 1jam",0,2019-11-09 06:11:59,2019-11-09 06:11:59,3
"139","Asdar Hamzah","https://yt3.ggpht.com/a/AGF-l7_Ftz-ptEcSy9B0gVPH19ZMvCkyYLuw79CCBw=s48-c-k-c0xffffffff-no-rj-mo","http://www.youtube.com/channel/UCbD6CJB1GVryVPMtCFE9xdA","judul lagunya apa ni?",0,2019-11-09 06:07:41,2019-11-09 06:07:41,3
"140","nick nickolas","https://yt3.ggpht.com/a/AGF-l7-LV1KKB0QEYUCDD0ig7OO5WFw7iCyNls1XeA=s48-c-k-c0xffffffff-no-rj-mo","http://www.youtube.com/channel/UCNzQRepMDxh9EQzH98tRwoQ","h a d i r",0,2019-11-09 06:06:25,2019-11-09 06:06:25,3
"141","Geraldi Giovanda","https://yt3.ggpht.com/a/AGF-l79lZvKebajHBBxX_vn3FsJXORz5QgEGCUG47w=s48-c-k-c0xffffffff-no-rj-mo","http://www.youtube.com/channel/UCwMIsQO0YnzXpNW-CwMEEwg","ini seri terbaik asli please bikin versi 1 jam",4,2019-11-09 06:04:56,2019-11-09 06:04:56,3
"142","Nisa Khoirunn","https://yt3.ggpht.com/a/AGF-l7_MD32uPy_PJu09S5s7WWEUgGHCTjg01vD6Lw=s48-c-k-c0xffffffff-no-rj-mo","http://www.youtube.com/channel/UCvh61pBAONDtrUf0micoZHg","kpn sejam ",1,2019-11-09 05:56:11,2019-11-09 05:56:11,3
"143","Maher Zack","https://yt3.ggpht.com/a/AGF-l78BI4kEAX_mpgip_C7XRq54I5qU7MZktnpojw=s48-c-k-c0xffffffff-no-rj-mo","http://www.youtube.com/channel/UClcQ3PVw7M5VEjqWlWzRBYA","sukaaaaaakkkk",0,2019-11-09 05:32:18,2019-11-09 05:32:18,3
"144","SETYA NOVANTOL","https://yt3.ggpht.com/a/AGF-l7879ZZDNBaK1mdW8Q931mJu_dwhEWF8Wxxc6g=s48-c-k-c0xffffffff-no-rj-mo","http://www.youtube.com/channel/UCyBoceFd-VLNCPOwDcosZHg","01 41 gulanya gak di aduk lngsung minum bisa nempel tu gula   btw episode 3 pasti 3 menit ",1,2019-11-09 05:29:29,2019-11-09 05:29:29,3
"145","Fadilah El Khuluqo","https://yt3.ggpht.com/a/AGF-l7-XC5jXpmemFsycdV9eqB0Q4Nmx5OQDTGLjdA=s48-c-k-c0xffffffff-no-rj-mo","http://www.youtube.com/channel/UCfH67skVQQVJr0gKksZh6IA","seriesnya bagus terus ",0,2019-11-09 05:05:22,2019-11-09 05:05:22,3
"146","Andreas Fajar Nugroho","https://yt3.ggpht.com/a/AGF-l79BTSJTge-R1P_hZ5jfNTaBjwNIY10ffsI6tA=s48-c-k-c0xffffffff-no-rj-mo","http://www.youtube.com/channel/UCF7DA1i3YfkBK8qTv-PNTQg","ada rasa manis manisnya mungkin mbaknya gula",2,2019-11-09 04:53:20,2019-11-09 04:53:20,3
"147","setiandi nur","https://yt3.ggpht.com/a/AGF-l7-WrHaydGml5dUQTrvAMiIa0_godYWKUUHgLQ=s48-c-k-c0xffffffff-no-rj-mo","http://www.youtube.com/channel/UCXvrVblqzUZFZidPT6VYmmQ","kemaren episode 2 dikira teaser buat episode 2 ternyata hari ini episode 3 ",0,2019-11-09 04:44:23,2019-11-09 04:44:23,3
"148","Nursyifa Aprilisa","https://yt3.ggpht.com/a/AGF-l7_D3irjVmp53a_kLh2FCWSN0H48UdJWPp6iPA=s48-c-k-c0xffffffff-no-rj-mo","http://www.youtube.com/channel/UCGxqXJX5OdxvBDxRbURFBuw","tropicana slim emg bener2 keren web seriesnya ",0,2019-11-09 04:36:38,2019-11-09 04:36:38,3
"149","danirust","https://yt3.ggpht.com/a/AGF-l78utkGGN1iz9EZ9FFoVyZk_2VbD7IZp4QMAuA=s48-c-k-c0xffffffff-no-rj-mo","http://www.youtube.com/channel/UCa7ZMAbWVzeXfS1-9HZJnsA","tuh kan tiap hari seru juga jadi penasaran",0,2019-11-09 04:35:41,2019-11-09 04:35:41,3
"150","princess puteri","https://yt3.ggpht.com/a/AGF-l79C8EG4_GaRg7h4n8Qas_GFmJ2NgdXFEPU26A=s48-c-k-c0xffffffff-no-rj-mo","http://www.youtube.com/channel/UCaKvWM_i3c8Y2G6qC30i_ww","firstt",0,2019-11-09 04:31:24,2019-11-09 04:31:24,3
